Program Time [s],Temp,Humid
1272.02,31.25,18
1273.02,31.25,18
1274.02,31.25,12
1275.02,31.25,19
1276.02,31.25,14
1277.02,31.25,14
1278.02,31.25,16
1279.03,31.74,16
1280.03,31.74,23
1281.03,32.23,21
1282.03,31.25,15
1283.03,30.76,11
1284.03,31.25,20
1285.03,31.74,26
1286.04,32.23,30
1287.03,32.23,28
1288.04,31.74,29
1289.04,31.74,31
1290.04,31.74,31
1291.04,32.23,31
1292.04,31.74,31
1293.04,31.74,31
1294.04,31.74,29
1295.05,31.25,25
1296.04,31.74,29
1297.04,31.74,29
1298.05,31.74,26
1299.05,31.74,25
1300.05,31.74,24
1301.05,31.25,11
1302.05,31.25,11
1303.05,31.25,14
1304.05,31.25,12
1305.06,31.25,8
1306.05,31.25,11
1307.06,31.25,14
1308.06,31.25,8
1309.06,30.76,10
1310.06,31.25,15
1311.06,31.25,18
1312.06,31.25,15
1313.06,31.25,16
1314.07,31.25,12
1315.07,31.25,9
1316.07,31.25,13
1317.07,31.25,12
1318.07,31.25,10
1319.07,31.25,13
1320.07,31.25,9
1321.07,31.25,10
1322.07,31.25,16
1323.08,31.25,17
1324.08,30.76,9
1325.08,31.25,16
1326.08,31.25,21
1327.08,31.25,20
1328.08,30.76,13
1329.08,31.25,19
1330.08,31.25,22
1331.08,30.76,19
1332.08,30.76,16
1333.09,30.76,10
1334.09,30.76,12
1335.09,31.74,28
1336.09,32.23,32
1337.09,31.74,20
1338.09,31.74,24
1339.09,31.74,29
1340.09,32.23,30
1341.09,32.23,31
1342.1,31.74,31
1343.1,31.74,31
1344.1,31.74,30
1345.1,31.74,30
1346.1,31.25,25
1347.1,31.25,16
1348.1,30.76,11
1349.1,30.76,9
1350.1,30.76,9
1351.1,30.76,9
1352.11,30.76,9
1353.11,30.76,9
1354.11,30.76,21
1355.11,31.25,30
1356.11,31.74,29
1357.11,31.74,31
1358.12,31.74,27
1359.12,31.74,20
1360.11,31.25,16
1361.12,31.25,15
1362.12,31.25,14
1363.12,31.25,13
1364.12,31.25,12
1365.12,31.25,11
1366.12,31.25,10
1367.12,31.25,9
1368.13,31.25,12
1369.13,31.25,18
1370.13,31.74,21
1371.13,31.74,19
1372.13,31.25,9
1373.13,31.25,11
1374.13,31.25,14
1375.14,31.25,13
1376.13,31.25,8
1377.14,31.25,10
1378.14,31.25,15
1379.14,31.25,16
1380.14,31.25,8
1381.14,31.25,11
1382.14,31.25,17
1383.14,31.25,20
1384.14,31.74,21
1385.15,31.25,15
1386.15,31.25,18
1387.15,31.25,17
1388.15,31.25,11
1389.15,31.25,12
1390.15,31.25,19
1391.15,31.25,19
1392.15,31.25,10
1393.15,31.25,13
1394.15,31.25,15
1395.15,31.25,13
1396.16,31.25,21
1397.16,31.74,25
1398.16,31.74,24
1399.16,31.25,21
1400.16,31.25,25
1401.16,31.74,34
1402.16,31.74,28
1403.16,31.25,27
1404.16,31.74,34
1405.17,31.74,29
1406.17,31.25,27
1407.17,31.25,24
1408.17,31.25,23
1409.17,31.25,24
1410.17,31.25,27
1411.17,31.25,24
1412.18,31.25,22
1413.18,31.25,24
1414.18,31.25,23
1415.18,31.25,20
1416.18,31.25,30
1417.18,31.25,31
1418.18,31.25,21
1419.18,31.25,29
1420.18,31.25,29
1421.19,31.25,24
1422.19,31.25,26
1423.19,31.25,24
1424.19,31.25,18
1425.19,31.25,24
1426.19,31.25,22
1427.19,31.25,17
1428.19,31.25,21
1429.19,31.25,15
1430.19,31.25,16
1431.2,31.25,16
1432.2,31.25,11
1433.2,31.25,18
1434.2,31.25,15
1435.2,31.25,13
1436.2,31.25,10
1437.2,31.25,10
1438.2,31.25,16
1439.2,31.25,13
1440.21,31.25,11
1441.21,31.25,8
1442.21,31.25,12
1443.21,31.25,14
1444.21,31.25,12
1445.21,30.76,14
1446.21,31.25,13
1447.21,31.25,12
1448.21,30.76,10
1449.22,31.25,12
1450.22,30.76,10
1451.22,30.76,18
1452.22,31.25,16
1453.22,31.25,18
1454.22,31.25,17
1455.22,31.25,13
1456.23,30.76,10
1457.22,31.25,18
1458.22,31.25,19
1459.23,30.76,7
1460.23,30.76,10
1461.23,31.25,23
1462.23,31.74,30
1463.23,31.74,34
1464.23,31.74,33
1465.23,31.74,33
1466.24,31.74,36
1467.23,31.74,36
1468.24,31.25,22
1469.24,31.25,30
1470.24,31.25,31
1471.24,31.25,30
1472.24,31.25,29
1473.24,31.25,32
1474.24,30.76,35
1475.25,30.76,40
1476.25,30.76,39
1477.25,30.76,32
1478.25,31.25,31
1479.25,30.76,24
1480.25,30.76,27
1481.25,30.76,25
1482.25,30.76,14
1483.25,30.76,21
1484.26,30.76,21
1485.26,30.76,11
1486.26,30.76,10
1487.26,30.76,11
1488.26,30.76,10
1489.26,30.76,12
1490.26,30.76,12
1491.26,30.76,9
1492.26,30.76,15
1493.26,30.76,6
1494.27,30.76,11
1495.27,30.76,7
1496.27,30.76,11
1497.27,30.76,11
1498.27,30.76,11
1499.27,30.76,9
1500.27,30.76,10
1501.27,30.76,11
1502.27,30.76,7
1503.28,30.76,11
1504.28,31.25,13
1505.28,30.76,12
1506.28,30.76,13
1507.28,31.25,14
1508.28,30.76,12
1509.28,30.76,12
1510.29,30.76,11
1511.28,30.76,11
1512.29,30.76,12
1513.29,30.76,13
1514.29,30.76,14
1515.29,30.76,15
1516.29,30.76,10
1517.29,30.76,13
1518.29,30.76,19
1519.3,31.25,17
1520.3,30.76,13
1521.29,30.76,6
1522.3,30.76,16
1523.3,31.25,21
1524.3,31.25,11
1525.3,30.76,11
1526.3,30.76,8
1527.3,30.76,10
1528.3,30.76,9
1529.31,30.76,8
1530.31,30.76,15
1531.31,31.25,15
1532.31,30.76,8
1533.31,30.76,16
1534.31,30.76,18
1535.31,30.76,15
1536.31,30.76,9
1537.31,30.76,11
1538.31,30.76,6
1539.32,30.76,13
1540.32,31.25,22
1541.32,31.25,21
1542.32,30.76,15
1543.32,30.76,10
1544.32,30.76,18
1545.32,30.76,17
1546.32,30.76,13
1547.32,30.76,16
1548.33,30.76,19
1549.33,31.25,18
1550.33,30.76,10
1551.33,30.76,11
1552.33,30.76,16
1553.33,30.76,9
1554.33,30.76,13
1555.33,30.76,11
1556.33,30.76,10
1557.34,30.76,11
1558.34,30.76,11
1559.34,30.76,12
1560.34,30.76,11
1561.34,30.76,10
1562.34,30.76,14
1563.34,30.76,16
1564.34,30.76,14
1565.34,30.76,10
1566.35,30.76,14
1567.35,31.25,12
1568.35,30.76,10
1569.35,30.76,8
1570.35,30.76,12
1571.35,30.76,11
1572.35,30.76,11
1573.36,30.76,11
1574.36,30.76,11
1575.35,30.76,10
1576.36,30.76,8
1577.36,30.76,11
1578.36,30.27,9
1579.36,30.76,10
1580.36,30.76,10
1581.36,30.76,9
1582.36,30.76,9
1583.37,30.76,16
1584.36,31.25,19
1585.36,30.76,8
1586.37,30.76,16
1587.37,30.76,20
1588.37,30.76,16
1589.37,30.76,16
1590.37,30.76,32
1591.37,31.25,44
1592.38,31.25,20
1593.38,31.25,29
1594.38,30.76,15
1595.38,30.76,18
1596.38,30.76,12
1597.38,30.76,13
1598.38,30.76,9
1599.38,30.76,8
1600.38,30.76,10
1601.38,30.76,9
1602.39,30.76,10
1603.39,30.76,8
1604.39,30.76,11
1605.39,30.76,10
1606.39,30.76,9
1607.39,31.25,10
1608.39,31.25,7
1609.39,30.76,9
1610.39,30.76,6
1611.39,30.76,9
1612.4,30.76,9
1613.4,30.76,11
1614.4,31.25,14
1615.4,31.25,14
1616.4,31.25,11
1617.4,30.76,9
1618.4,30.76,14
1619.4,31.25,15
1620.41,31.74,16
1621.41,31.74,15
1622.41,31.25,14
1623.41,31.25,18
1624.41,31.25,21
1625.41,31.74,21
1626.41,31.74,22
1627.42,31.74,21
1628.41,31.25,21
1629.41,30.76,18
1630.42,31.25,20
1631.42,31.25,21
1632.42,31.25,21
1633.42,31.25,21
1634.42,31.25,15
1635.42,30.76,13
1636.42,31.25,15
1637.43,31.25,15
1638.42,31.25,11
1639.43,30.76,10
1640.43,31.25,13
1641.43,31.25,14
1642.43,30.76,12
1643.43,31.25,16
1644.43,31.25,14
1645.43,30.76,15
1646.44,31.25,18
1647.44,30.76,15
1648.44,30.76,18
1649.44,31.25,21
1650.44,30.76,18
1651.44,30.76,19
1652.44,30.76,17
1653.44,30.76,14
1654.44,30.76,17
1655.45,31.25,18
1656.45,31.25,18
1657.45,31.25,18
1658.45,30.76,15
1659.45,30.76,11
1660.45,30.76,13
1661.45,31.25,13
1662.45,30.76,10
1663.45,31.25,19
1664.45,31.25,21
1665.46,30.76,21
1666.46,31.25,21
1667.46,31.25,20
1668.46,30.76,19
1669.46,30.76,17
1670.46,31.25,17
1671.46,30.76,14
1672.46,30.76,14
1673.46,30.76,21
1674.47,31.25,16
1675.47,31.25,18
1676.47,30.76,11
1677.47,30.76,10
1678.47,30.76,11
1679.47,30.76,10
1680.47,30.76,29
1681.48,30.76,33
1682.47,30.76,55
1683.48,31.25,66
1684.48,31.25,71
1685.48,31.25,68
1686.48,30.76,32
1687.48,30.76,21
1688.48,30.76,42
1689.48,30.76,22
1690.49,30.76,14
1691.49,30.76,15
1692.48,30.76,27
1693.49,30.76,33
1694.49,30.76,24
1695.49,30.76,15
1696.49,30.76,25
1697.49,30.76,10
1698.49,30.76,10
1699.49,30.76,10
1700.5,30.76,10
1701.5,30.76,12
1702.5,30.76,10
1703.5,30.27,14
1704.5,30.76,11
1705.5,31.25,42
1706.5,31.25,10
1707.5,30.76,9
1708.5,30.76,10
1709.51,30.76,9
1710.51,30.76,10
1711.51,30.76,10
1712.51,30.76,9
1713.51,30.76,9
1714.51,30.76,10
1715.51,30.76,23
1716.51,30.76,17
1717.51,30.76,16
1718.51,30.76,9
1719.52,30.76,9
1720.52,30.76,9
1721.52,30.76,10
1722.52,30.76,21
1723.52,30.76,9
1724.52,30.76,6
1725.52,30.76,7
1726.52,30.76,20
1727.52,30.76,20
1728.53,30.76,18
1729.53,30.76,13
1730.53,30.76,9
1731.53,30.76,8
1732.53,30.76,8
1733.53,30.76,9
1734.53,30.76,6
1735.54,30.76,7
1736.53,30.76,9
1737.53,30.76,9
1738.54,30.27,9
1739.54,30.27,10
1740.54,30.76,23
1741.54,31.25,24
1742.54,31.25,12
1743.54,30.76,9
1744.54,30.76,9
1745.55,30.76,10
1746.54,31.25,28
1747.55,30.76,14
1748.55,30.76,21
1749.55,30.76,13
1750.55,30.76,14
1751.55,30.76,14
1752.55,30.76,21
1753.55,31.25,27
1754.56,30.76,12
1755.56,30.76,9
1756.55,30.76,9
1757.56,30.76,9
1758.56,30.76,8
1759.56,30.76,18
1760.56,31.25,27
1761.56,30.76,9
1762.56,31.25,10
1763.56,31.25,8
1764.57,30.76,9
1765.56,30.76,9
1766.57,30.76,7
1767.57,30.76,9
1768.57,30.76,9
1769.57,30.76,8
1770.57,30.76,9
1771.57,31.25,10
1772.57,31.25,16
1773.58,31.25,22
1774.58,31.25,32
1775.58,31.74,39
1776.58,31.74,40
1777.58,31.25,9
1778.58,30.76,9
1779.58,31.25,19
1780.58,31.25,24
1781.58,31.25,10
1782.58,30.76,9
1783.59,31.25,10
1784.59,30.76,9
1785.59,31.25,24
1786.59,31.25,34
1787.59,31.74,47
1788.59,31.74,45
1789.59,31.25,30
1790.59,31.74,43
1791.6,31.74,45
1792.6,31.25,21
1793.6,31.25,18
1794.6,31.25,16
1795.6,31.25,20
1796.6,31.25,22
1797.6,30.76,15
1798.61,31.25,35
1799.6,31.25,38
1800.6,30.76,22
1801.61,31.25,25
1802.61,31.25,28
1803.61,31.25,26
1804.61,31.25,26
1805.61,30.76,12
1806.61,31.25,28
1807.61,31.25,34
1808.62,31.74,39
1809.61,31.25,23
1810.62,30.76,19
1811.62,31.25,23
1812.62,31.25,19
1813.62,30.76,17
1814.62,30.76,18
1815.62,30.76,16
1816.62,30.76,19
1817.63,30.76,14
1818.63,30.76,21
1819.63,31.25,34
1820.63,30.76,22
1821.63,30.76,18
1822.63,30.76,12
1823.63,30.76,15
1824.63,30.76,13
1825.63,30.76,11
1826.64,30.76,10
1827.64,30.76,10
1828.64,30.76,20
1829.64,30.76,16
1830.64,30.76,10
1831.64,30.76,10
1832.64,30.76,21
1833.64,30.76,11
1834.64,30.76,10
1835.64,30.76,10
1836.65,30.76,10
1837.65,30.76,9
1838.65,30.76,19
1839.65,30.76,9
1840.65,30.76,10
1841.65,30.76,11
1842.65,30.76,24
1843.65,31.25,30
1844.65,31.25,31
1845.66,31.25,13
1846.66,30.76,8
1847.66,30.76,9
1848.67,30.76,11
1849.66,30.76,18
1850.66,31.25,24
1851.66,31.25,18
1852.66,30.76,9
1853.66,31.25,33
1854.67,31.25,39
1855.67,30.76,34
1856.67,30.76,19
1857.67,30.76,28
1858.67,30.76,26
1859.67,30.76,13
1860.67,30.76,13
1861.68,31.25,26
1862.68,31.25,30
1863.67,31.74,34
1864.68,31.25,21
1865.68,31.25,24
1866.68,31.25,24
1867.68,31.74,24
1868.68,31.25,23
1869.68,31.25,11
1870.68,30.76,10
1871.69,30.76,10
1872.69,30.76,10
1873.69,30.76,16
1874.69,30.76,17
1875.69,30.76,15
1876.69,30.76,13
1877.69,30.76,11
1878.69,30.76,10
1879.69,31.25,9
1880.69,30.76,9
1881.7,30.76,9
1882.7,30.76,9
1883.7,30.76,10
1884.7,30.76,20
1885.7,30.76,22
1886.7,30.76,10
1887.7,30.76,11
1888.7,30.76,25
1889.71,30.76,25
1890.71,30.76,11
1891.71,30.76,22
1892.71,30.76,20
1893.71,30.76,9
1894.71,30.76,22
1895.71,31.25,32
1896.71,30.76,12
1897.71,30.76,10
1898.71,30.76,27
1899.72,31.25,33
1900.72,30.76,18
1901.72,30.76,21
1902.72,31.25,25
1903.72,30.76,14
1904.72,30.76,15
1905.72,30.76,13
1906.72,30.76,10
1907.72,30.76,18
1908.73,31.25,32
1909.73,30.76,23
1910.73,31.25,27
1911.73,30.76,13
1912.73,30.76,10
1913.73,30.76,17
1914.73,31.25,22
1915.74,31.25,25
1916.73,31.25,20
1917.74,30.76,12
1918.74,30.76,13
1919.74,30.76,12
1920.74,30.76,11
1921.74,30.76,9
1922.74,30.76,18
1923.74,31.25,26
1924.75,31.25,26
1925.75,30.76,15
1926.74,30.76,11
1927.75,30.76,23
1928.75,31.25,26
1929.75,31.25,19
1930.75,30.76,16
1931.75,31.25,29
1932.75,31.25,17
1933.75,31.25,11
1934.76,31.25,17
1935.76,31.25,20
1936.76,31.25,20
1937.76,31.25,15
1938.76,30.76,13
1939.76,31.25,13
1940.76,31.25,17
1941.76,31.25,17
1942.76,31.25,16
1943.77,31.25,13
1944.77,30.76,12
1945.77,31.25,15
1946.77,31.25,16
1947.77,31.25,9
1948.77,31.25,16
1949.77,31.25,26
1950.77,31.25,19
1951.77,31.25,20
1952.78,31.25,19
1953.78,31.25,14
1954.78,31.25,16
1955.78,31.25,13
1956.78,31.25,17
1957.78,31.25,15
1958.78,30.76,14
1959.79,31.25,20
1960.78,31.25,21
1961.78,30.76,14
1962.79,30.76,12
1963.79,31.25,26
1964.79,31.25,32
1965.79,31.74,38
1966.79,31.25,39
1967.79,31.25,33
1968.79,31.25,30
1969.8,31.25,30
1970.79,31.25,19
1971.8,30.76,16
1972.8,31.25,16
1973.8,31.25,19
1974.8,31.25,13
1975.8,30.76,11
1976.8,31.25,18
1977.8,31.25,21
1978.81,30.76,11
1979.81,31.25,13
1980.81,31.25,18
1981.81,30.76,12
1982.81,30.76,9
1983.81,30.76,10
1984.81,30.76,11
1985.81,30.76,10
1986.81,30.76,11
1987.82,30.76,13
1988.82,31.25,15
1989.82,30.76,10
1990.82,30.76,9
1991.82,31.25,19
1992.82,31.25,28
1993.82,31.25,21
1994.82,30.76,21
1995.82,30.76,44
1996.82,31.25,39
1997.83,31.25,36
1998.83,31.25,28
1999.83,30.76,25
2000.83,30.76,14
2001.83,31.25,15
2002.83,30.76,12
2003.83,30.76,11
2004.83,30.76,10
2005.83,30.76,10
2006.84,30.76,11
2007.84,30.76,10
2008.84,30.76,10
2009.84,30.76,10
2010.84,30.76,10
2011.84,30.76,10
2012.84,30.76,9
2013.84,30.76,9
2014.84,30.76,9
2015.85,31.25,16
2016.85,31.25,17
2017.85,30.76,11
2018.85,30.76,17
2019.85,30.76,15
2020.85,30.76,11
2021.85,31.25,27
2022.86,31.25,33
2023.86,30.76,18
2024.85,30.76,25
2025.86,31.25,37
2026.86,31.25,36
2027.86,30.76,19
2028.86,30.76,24
2029.86,31.25,30
2030.86,31.25,30
2031.86,30.76,17
2032.87,30.76,24
2033.87,31.25,25
2034.87,30.76,12
2035.87,31.25,17
2036.87,31.25,17
2037.87,30.76,13
2038.87,30.76,12
2039.87,31.25,19
2040.87,30.76,15
2041.88,31.25,19
2042.88,31.25,26
2043.88,31.25,16
2044.88,31.25,25
2045.88,31.25,30
2046.88,31.25,16
2047.88,31.25,23
2048.88,31.25,32
2049.88,31.25,23
2050.89,31.25,19
2051.89,31.25,19
2052.89,31.25,21
2053.89,31.25,18
2054.89,30.76,15
2055.89,31.25,15
2056.89,30.76,13
2057.9,30.76,11
2058.89,30.76,11
2059.89,31.25,13
2060.9,31.25,11
2061.9,30.76,9
2062.9,31.25,12
2063.9,31.25,13
2064.9,30.76,10
2065.9,30.76,10
2066.9,30.76,12
2067.91,30.76,12
2068.9,30.76,12
2069.91,31.25,11
2070.91,31.25,11
2071.91,30.76,10
2072.91,30.76,9
2073.91,30.76,17
2074.91,31.25,21
2075.91,31.25,27
2076.92,31.25,21
2077.92,30.76,10
2078.92,30.76,19
2079.92,31.25,24
2080.92,30.76,13
2081.92,30.76,14
2082.92,30.76,18
2083.92,31.25,23
2084.92,31.25,27
2085.93,31.25,26
2086.93,30.76,18
2087.93,30.76,19
2088.93,30.76,18
2089.93,31.25,20
2090.93,30.76,15
2091.93,30.76,13
2092.93,30.76,12
2093.93,31.25,12
2094.93,30.76,10
2095.94,30.76,10
2096.94,30.76,10
2097.94,30.76,10
2098.94,31.25,12
2099.94,31.25,10
2100.94,31.25,8
2101.94,30.76,9
2102.94,30.76,19
2103.94,31.25,18
2104.95,30.76,15
2105.95,30.76,15
2106.95,30.76,10
2107.95,30.76,9
2108.95,31.25,11
2109.95,31.25,12
2110.95,30.76,10
2111.95,30.76,22
2112.95,31.25,37
2113.96,31.25,32
2114.96,31.25,28
2115.96,30.76,24
2116.96,31.25,24
2117.96,31.25,31
2118.96,31.25,22
2119.96,31.25,20
2120.97,30.76,16
2121.96,30.76,11
2122.96,31.25,16
2123.97,31.25,16
2124.97,31.25,16
2125.97,31.25,13
2126.97,31.25,12
2127.97,30.76,11
2128.97,30.76,14
2129.97,30.76,12
2130.98,31.25,11
2131.97,30.76,11
2132.98,30.76,12
2133.98,31.25,29
2134.98,31.25,44
2135.98,30.76,30
2136.98,30.76,32
2137.98,31.25,42
2138.98,31.25,48
2139.99,31.25,48
2140.99,30.76,44
2141.99,31.25,49
2142.99,31.25,51
2143.99,31.25,46
2144.99,30.76,32
2145.99,31.25,40
2146.99,31.25,47
2147.99,31.25,33
2149,30.76,35
2150,31.25,39
2151,31.25,41
2152,30.76,33
2153,30.76,32
2154,30.76,29
2155,30.76,31
2156,30.76,30
2157,30.76,28
2158,30.76,24
2159.01,30.76,25
2160.01,31.25,27
2161.01,30.76,23
2162.01,30.76,16
2163.01,30.76,16
2164.01,31.25,17
2165.01,30.76,16
2166.01,31.25,16
2167.01,30.76,13
2168.02,30.76,21
2169.02,31.25,34
2170.02,30.76,28
2171.02,30.76,29
2172.02,31.25,31
2173.02,30.76,26
2174.02,30.76,29
2175.03,31.25,34
2176.02,30.76,27
2177.03,30.76,22
2178.03,30.76,27
2179.03,31.25,28
2180.03,31.25,13
2181.03,31.25,19
2182.03,31.25,19
2183.03,31.25,9
2184.04,31.25,15
2185.04,31.25,19
2186.03,31.25,17
2187.04,30.76,15
2188.04,31.25,16
2189.04,31.25,18
2190.04,30.76,14
2191.04,30.76,12
2192.04,30.76,12
2193.04,30.76,11
2194.05,30.76,12
2195.05,31.25,13
2196.05,31.25,14
2197.05,30.76,11
2198.05,30.76,9
2199.05,30.76,11
2200.05,30.76,10
2201.05,30.76,10
2202.05,30.76,9
2203.06,30.76,9
2204.06,30.76,8
2205.06,30.76,9
2206.06,30.76,9
2207.06,30.76,9
2208.06,30.76,9
2209.06,30.76,7
2210.06,30.76,9
2211.06,30.76,6
2212.06,30.76,5
2213.07,30.76,9
2214.07,30.76,9
2215.07,30.76,9
2216.07,30.76,10
2217.07,30.76,9
2218.07,30.76,8
2219.07,30.76,7
2220.07,30.76,10
2221.07,30.76,12
2222.07,30.76,9
2223.08,30.76,7
2224.08,30.76,10
2225.08,31.25,11
2226.08,30.76,8
2227.08,30.76,9
2228.08,30.76,9
2229.08,30.76,20
2230.08,31.25,11
2231.09,31.25,11
2232.09,30.76,9
2233.09,30.76,9
2234.09,30.76,9
2235.09,30.76,9
2236.09,30.76,10
2237.09,30.76,9
2238.09,30.76,8
2239.09,30.76,10
2240.09,30.76,9
2241.1,30.76,9
2242.1,30.76,8
2243.1,31.25,11
2244.1,31.25,11
2245.1,31.25,7
2246.1,30.76,6
2247.1,30.76,11
2248.11,31.25,30
2249.1,31.74,40
2250.11,31.74,44
2251.11,31.25,39
2252.11,31.25,39
2253.11,31.74,38
2254.11,31.74,34
2255.11,31.25,30
2256.11,31.25,23
2257.12,30.76,20
2258.12,31.25,20
2259.11,30.76,17
2260.12,30.76,18
2261.12,30.76,14
2262.12,30.76,15
2263.12,31.25,17
2264.12,30.76,12
2265.12,30.76,14
2266.12,30.76,9
2267.13,30.76,8
2268.13,30.76,11
2269.13,30.76,11
2270.13,31.25,8
2271.13,30.76,6
2272.13,30.76,7
2273.13,30.76,9
2274.13,30.76,11
2275.13,30.76,14
2276.14,31.25,17
2277.14,31.25,15
2278.14,30.76,10
2279.14,30.76,11
2280.14,30.76,10
2281.14,30.76,10
2282.14,30.76,10
2283.14,31.25,13
2284.14,31.25,15
2285.15,31.25,20
2286.15,30.76,14
2287.15,30.76,11
2288.15,30.76,15
2289.15,31.25,17
2290.15,31.25,18
2291.15,31.25,15
2292.16,30.76,12
2293.16,30.76,15
2294.15,31.25,17
2295.16,31.25,18
2296.16,30.76,15
2297.16,30.76,15
2298.16,31.25,25
2299.16,31.25,27
2300.16,31.25,22
2301.16,30.76,20
2302.17,30.76,20
2303.16,31.25,26
2304.17,30.76,21
2305.17,30.76,12
2306.17,30.76,12
2307.17,30.76,14
2308.17,30.76,12
2309.17,30.76,10
2310.17,30.76,10
2311.18,30.76,10
2312.18,30.76,10
2313.18,30.76,10
2314.18,30.76,8
2315.18,30.76,9
2316.18,30.76,8
2317.18,30.76,11
2318.18,30.76,7
2319.18,30.76,7
2320.18,30.76,9
2321.19,30.76,8
2322.19,30.76,6
2323.19,30.76,10
2324.19,31.25,10
2325.19,31.25,10
2326.19,31.25,6
2327.19,30.76,4
2328.19,30.76,15
2329.19,31.25,21
2330.2,31.74,34
2331.2,31.74,38
2332.2,31.25,40
2333.2,31.25,41
2334.2,31.25,40
2335.2,31.74,39
2336.2,31.25,33
2337.2,31.25,29
2338.2,31.25,28
2339.21,30.76,26
2340.21,30.76,25
2341.21,30.76,25
2342.21,30.76,23
2343.21,30.76,22
2344.21,30.76,21
2345.21,30.76,21
2346.22,30.76,18
2347.21,30.76,21
2348.22,30.76,25
2349.22,30.76,19
2350.22,30.76,31
2351.22,30.76,20
2352.22,30.76,20
2353.22,31.25,21
2354.22,31.25,15
2355.23,30.76,12
2356.23,31.25,14
2357.22,31.25,18
2358.23,31.25,13
2359.23,30.76,11
2360.23,30.76,11
2361.23,30.76,12
2362.23,31.25,10
2363.23,30.76,10
2364.23,30.76,10
2365.24,30.76,10
2366.24,31.25,11
2367.24,31.25,11
2368.24,31.25,10
2369.24,31.25,9
2370.24,30.76,8
2371.24,31.25,11
2372.24,31.25,16
2373.24,31.25,16
2374.26,31.25,13
2375.25,31.25,14
2376.25,31.25,18
2377.25,31.25,14
2378.25,31.25,8
2379.25,31.25,15
2380.25,31.25,16
2381.25,31.25,8
2382.25,31.25,13
2383.26,31.25,18
2384.26,31.74,16
2385.26,31.25,7
2386.26,31.25,9
2387.26,31.74,19
2388.26,31.74,23
2389.26,31.25,16
2390.26,31.25,11
2391.26,31.25,17
2392.26,31.25,17
2393.27,31.25,19
2394.27,31.25,13
2395.27,30.76,12
2396.27,30.76,11
2397.27,31.25,12
2398.27,30.76,10
2399.27,30.76,9
2400.28,30.76,9
2401.27,30.76,10
2402.28,30.76,10
2403.28,30.76,9
2404.28,31.25,9
2405.28,30.76,10
2406.28,30.76,5
2407.28,30.76,6
2408.28,31.25,9
2409.29,30.76,10
2410.29,30.76,9
2411.28,30.76,8
2412.29,30.76,10
2413.29,31.25,9
2414.29,30.76,9
2415.29,30.76,9
2416.29,30.76,12
2417.29,31.25,17
2418.29,30.76,15
2419.3,31.25,15
2420.3,31.25,15
2421.3,30.76,13
2422.3,30.76,14
2423.3,30.76,12
2424.3,30.76,11
2425.3,30.76,11
2426.3,31.25,13
2427.3,31.25,18
2428.31,30.76,10
2429.31,30.76,11
2430.31,30.76,12
2431.31,31.25,13
2432.31,31.25,11
2433.31,30.76,10
2434.31,31.25,12
2435.31,31.25,14
2436.31,30.76,12
2437.31,30.76,9
2438.32,30.76,13
2439.32,31.25,24
2440.32,31.25,34
2441.32,31.74,39
2442.32,31.74,40
2443.32,31.74,41
2444.32,31.74,36
2445.32,31.74,35
2446.33,31.74,35
2447.33,31.74,33
2448.33,31.25,29
2449.33,31.25,28
2450.33,31.25,28
2451.33,31.25,29
2452.33,31.25,25
2453.34,30.76,24
2454.33,31.25,24
2455.33,30.76,23
2456.34,30.76,23
2457.34,30.76,23
2458.34,30.76,21
2459.34,30.76,18
2460.35,30.76,17
2461.34,30.76,15
2462.34,30.76,14
2463.35,30.76,12
2464.34,30.76,9
2465.35,30.76,11
2466.35,30.76,11
2467.35,31.25,10
2468.35,30.76,9
2469.35,31.25,20
2470.35,31.25,24
2471.35,31.25,23
2472.36,31.25,21
2473.36,31.25,16
2474.36,30.76,15
2475.36,31.25,15
2476.36,30.76,14
2477.36,30.76,11
2478.36,30.76,10
2479.36,30.76,10
2480.36,30.76,10
2481.37,31.25,10
2482.37,30.76,10
2483.37,30.76,12
2484.37,30.76,14
2485.37,30.76,13
2486.37,31.25,11
2487.37,30.76,11
2488.37,30.76,10
2489.37,31.25,12
2490.37,30.76,11
2491.38,30.76,9
2492.38,30.76,10
2493.38,30.76,9
2494.38,30.76,9
2495.38,30.76,9
2496.38,30.76,10
2497.39,31.25,12
2498.38,31.25,10
2499.38,31.25,10
2500.38,30.76,9
2501.39,30.76,9
2502.39,30.76,13
2503.39,30.76,13
2504.39,30.76,10
2505.39,30.76,10
2506.39,30.76,7
2507.4,30.76,10
2508.39,30.76,7
2509.39,31.25,7
2510.4,31.25,9
2511.4,31.25,8
2512.4,31.25,10
2513.4,30.76,9
2514.4,30.76,8
2515.4,31.25,11
2516.4,30.76,9
2517.41,30.76,9
2518.4,31.25,8
2519.41,31.25,12
2520.41,31.25,17
2521.41,30.76,13
2522.41,30.76,12
2523.41,31.25,26
2524.41,31.25,32
2525.41,31.25,30
2526.42,31.25,27
2527.42,31.25,35
2528.42,31.74,38
2529.42,31.74,25
2530.42,31.74,28
2531.42,31.74,30
2532.42,31.74,24
2533.42,31.25,19
2534.42,30.76,18
2535.43,31.25,21
2536.43,31.25,17
2537.43,30.76,11
2538.43,30.76,12
2539.43,31.25,12
2540.43,31.25,12
2541.43,30.76,10
2542.43,30.76,10
2543.43,30.76,10
2544.44,30.76,10
2545.44,30.76,10
2546.44,30.76,9
2547.44,31.25,8
2548.44,31.25,9
2549.44,30.76,9
2550.44,30.76,10
2551.44,30.76,10
2552.44,30.76,9
2553.44,31.25,12
2554.45,31.25,11
2555.45,30.76,10
2556.45,30.76,10
2557.45,30.76,11
2558.45,30.76,9
2559.45,30.76,9
2560.45,30.76,16
2561.46,30.76,16
2562.45,31.25,14
2563.46,31.25,20
2564.46,31.25,13
2565.46,31.25,11
2566.46,31.25,20
2567.46,31.25,23
2568.46,31.25,19
2569.46,31.25,9
2570.47,31.25,14
2571.47,31.25,17
2572.46,31.25,16
2573.47,30.76,13
2574.47,31.25,17
2575.47,31.25,17
2576.47,31.25,15
2577.47,30.76,11
2578.47,30.76,18
2579.47,31.25,27
2580.48,31.74,29
2581.48,31.74,29
2582.48,31.74,29
2583.48,31.25,27
2584.48,31.25,26
2585.48,31.25,25
2586.48,31.25,23
2587.48,31.25,14
2588.49,31.25,12
2589.49,31.25,20
2590.49,31.25,20
2591.49,31.25,19
2592.49,31.25,17
2593.49,31.25,17
2594.49,31.25,16
2595.49,30.76,12
2596.49,31.25,11
2597.49,31.25,12
2598.5,31.25,11
2599.5,30.76,10
2600.5,31.25,11
2601.5,31.25,11
2602.5,30.76,8
2603.5,31.25,12
2604.5,31.25,10
2605.5,30.76,10
2606.5,31.25,11
2607.5,31.25,9
2608.51,31.25,9
2609.51,31.25,10
2610.51,31.25,9
2611.51,31.25,9
2612.51,31.25,8
2613.51,31.25,9
2614.51,31.25,8
2615.53,30.76,9
2616.51,31.25,15
2617.52,31.25,19
2618.52,31.25,14
2619.52,31.25,14
2620.52,31.25,15
2621.52,31.25,11
2622.52,31.25,12
2623.52,31.25,11
2624.52,31.25,9
2625.52,31.25,14
2626.53,31.25,14
2627.53,30.76,11
2628.53,30.76,11
2629.53,31.25,9
2630.53,31.25,7
2631.53,31.25,11
2632.53,31.25,11
2633.54,31.25,10
2634.54,31.25,10
2635.54,31.25,10
2636.54,30.76,10
2637.54,31.25,8
2638.54,31.25,10
2639.54,31.25,12
2640.54,31.74,13
2641.54,31.25,11
2642.54,31.25,8
2643.55,31.25,12
2644.55,31.25,8
2645.54,31.25,9
2646.55,31.25,12
2647.55,31.25,15
2648.55,31.25,14
2649.55,31.25,14
2650.55,31.25,11
2651.55,31.25,9
2652.56,31.25,12
2653.56,31.25,9
2654.56,31.25,10
2655.56,30.76,9
2656.56,30.76,14
2657.56,31.25,17
2658.56,31.25,18
2659.56,31.25,18
2660.56,31.25,17
2661.57,31.74,16
2662.57,31.74,16
2663.57,31.25,10
2664.57,31.25,10
2665.57,31.25,18
2666.57,31.25,20
2667.57,31.25,20
2668.58,31.25,15
2669.57,31.25,15
2670.57,31.25,15
2671.58,31.25,12
2672.58,31.25,13
2673.58,31.25,14
2674.58,31.25,8
2675.58,31.25,11
2676.58,31.25,13
2677.58,31.25,9
2678.59,31.25,11
2679.58,31.25,14
2680.58,31.25,9
2681.59,31.25,14
2682.59,31.25,13
2683.59,31.25,11
2684.59,31.25,17
2685.59,31.25,11
2686.59,31.25,14
2687.6,31.25,13
2688.6,31.25,12
2689.6,31.25,16
2690.6,31.25,13
2691.6,31.25,12
2692.6,31.25,15
2693.6,31.25,15
2694.6,31.25,22
2695.6,31.25,15
2696.61,31.25,12
2697.61,31.25,11
2698.61,31.25,11
2699.61,31.25,11
2700.61,31.25,10
2701.61,31.25,11
2702.61,31.25,9
2703.61,31.25,11
2704.61,30.76,9
2705.61,31.25,10
2706.62,31.25,13
2707.62,30.76,11
2708.62,30.76,12
2709.62,30.76,12
2710.62,30.76,10
2711.62,30.76,10
2712.62,30.76,9
2713.62,30.76,9
2714.62,30.76,11
2715.62,30.76,9
2716.63,30.76,9
2717.63,30.76,9
2718.63,30.76,9
2719.63,30.76,9
2720.63,30.76,9
2721.63,30.76,11
2722.63,30.76,9
2723.63,30.76,9
2724.63,30.76,9
2725.64,30.76,9
2726.64,30.27,8
2727.64,30.76,17
2728.64,31.25,27
2729.64,31.25,30
2730.64,31.25,17
2731.65,31.25,14
2732.65,31.25,16
2733.65,31.25,0
2734.65,31.25,4
2735.65,31.25,0
2736.65,31.25,6
2737.65,31.25,0
2738.65,31.25,17
2739.65,31.25,3
2740.65,31.25,1
2741.65,31.25,9
2742.66,31.25,7
2743.66,31.25,11
2744.66,31.74,11
2745.66,31.25,2
2746.66,31.25,12
2747.66,31.74,16
2748.66,31.25,9
2749.66,31.74,12
2750.67,31.74,19
2751.67,31.74,19
2752.67,31.74,15
2753.67,31.74,14
2754.67,31.74,8
2755.67,31.25,2
2756.67,31.25,0
2757.67,31.25,1
2758.67,31.25,7
2759.67,31.74,15
2760.68,31.74,23
2761.68,31.74,16
2762.68,31.74,10
2763.68,31.74,13
2764.68,31.74,22
2765.68,31.74,18
2766.68,31.25,10
2767.68,31.25,11
2768.68,31.25,17
2769.69,31.25,19
2770.69,31.25,10
2771.69,31.25,10
2772.69,31.25,20
2773.69,31.25,50
2774.69,31.25,14
2775.69,31.25,19
2776.69,31.25,7
2777.69,31.25,12
2778.69,31.25,5
2779.7,31.25,12
2780.7,31.25,12
2781.7,31.25,0
2782.7,31.25,0
2783.7,31.74,25
2784.7,31.74,34
2785.7,32.23,0
2786.71,31.74,103
2787.7,31.74,92
2788.71,31.74,81
2789.71,31.74,70
2790.71,31.74,126
2791.71,31.74,111
2792.71,31.74,179
2793.71,31.74,34
2794.71,31.74,31
2795.72,31.74,107
2796.72,31.74,104
2797.72,31.25,54
2798.72,31.25,26
2799.72,31.25,69
2800.72,31.25,22
2801.72,31.25,22
2802.72,31.25,18
2803.72,31.25,18
2804.73,31.25,17
2805.73,31.25,17
2806.73,31.25,14
2807.73,31.25,14
2808.73,31.25,14
2809.73,31.25,13
2810.73,31.25,15
2811.73,31.25,13
2812.73,31.25,11
2813.74,31.25,12
2814.74,31.25,13
2815.74,31.25,11
2816.74,31.25,10
2817.74,31.25,12
2818.74,31.25,9
2819.74,31.25,8
2820.74,31.25,10
2821.74,31.74,11
2822.74,31.25,9
2823.75,31.25,14
2824.75,31.25,14
2825.75,31.25,14
2826.75,31.25,14
2827.75,31.25,12
2828.75,31.25,13
2829.76,31.25,12
2830.75,31.25,11
2831.75,31.25,21
2832.76,31.25,74
2833.76,31.25,13
2834.76,31.25,18
2835.76,31.25,17
2836.76,31.25,21
2837.76,31.25,25
2838.76,31.25,26
2839.77,31.25,3
2840.76,31.25,24
2841.77,31.25,12
2842.77,31.25,11
2843.77,31.25,9
2844.77,31.25,11
2845.77,31.25,11
2846.77,31.25,11
2847.77,31.25,23
2848.78,31.25,11
2849.78,31.25,49
2850.78,31.25,11
2851.78,31.25,12
2852.78,31.25,10
2853.78,31.25,10
2854.78,31.25,12
2855.78,31.25,10
2856.78,31.25,10
2857.78,31.74,1
2858.79,31.25,8
2859.79,31.25,9
2860.79,31.25,12
2861.79,31.25,7
2862.79,31.25,3
2863.79,31.25,10
2864.79,31.25,10
2865.79,31.25,15
2866.79,31.25,16
2867.8,31.25,12
2868.8,31.25,14
2869.8,31.25,14
2870.8,31.25,17
2871.8,31.25,12
2872.8,31.25,0
2873.8,31.25,0
2874.8,31.25,0
2875.8,31.25,11
2876.8,31.25,0
2877.81,31.25,13
2878.81,31.25,12
2879.81,31.25,12
2880.81,31.25,10
2881.81,31.25,10
2882.81,31.25,11
2883.82,31.25,15
2884.81,31.25,11
2885.82,31.25,27
2886.82,31.25,8
2887.82,31.25,0
2888.82,31.25,8
2889.82,31.25,0
2890.82,31.25,12
2891.82,31.25,6
2892.83,31.25,30
2893.83,31.25,12
2894.82,31.25,12
2895.83,31.25,13
2896.83,31.25,12
2897.83,31.25,10
2898.83,31.25,12
2899.83,31.25,9
2900.83,31.25,8
2901.83,31.25,13
2902.84,31.25,18
2903.84,31.74,22
2904.84,31.74,24
2905.84,31.74,27
2906.84,31.74,31
2907.84,31.74,32
2908.84,31.74,29
2909.84,31.25,27
2910.84,31.25,21
2911.85,31.25,20
2912.85,31.25,18
2913.85,31.25,18
2914.85,31.25,18
2915.85,31.25,18
2916.85,31.25,16
2917.85,31.25,19
2918.85,31.25,16
2919.85,31.25,14
2920.86,31.25,25
2921.86,31.25,17
2922.86,31.25,13
2923.86,31.25,15
2924.86,31.25,16
2925.86,31.25,14
2926.86,31.25,13
2927.87,31.74,15
2928.86,31.74,14
2929.87,31.25,13
2930.87,31.74,17
2931.87,31.25,13
2932.87,31.74,14
2933.87,31.74,14
2934.87,31.25,11
2935.87,31.25,12
2936.88,31.25,16
2937.88,31.25,9
2938.87,31.25,12
2939.88,31.25,11
2940.88,31.25,9
2941.88,31.25,13
2942.88,31.25,2
2943.88,31.25,13
2944.88,31.25,12
2945.88,31.25,16
2946.89,31.25,17
2947.89,31.25,15
2948.89,31.25,16
2949.89,31.25,10
2950.89,31.25,14
2951.89,31.74,14
2952.89,31.74,11
2953.89,31.25,12
2954.89,31.25,11
2955.89,31.25,0
2956.9,31.25,13
2957.9,31.25,12
2958.9,31.25,13
2959.9,31.25,16
2960.9,31.25,13
2961.9,31.25,11
2962.9,31.25,9
2963.9,31.74,11
2964.9,31.25,8
2965.91,31.25,12
2966.91,31.25,10
2967.91,31.25,10
2968.91,31.25,13
2969.91,31.25,12
2970.91,31.25,11
2971.92,31.25,13
2972.91,31.25,13
2973.91,31.25,11
2974.92,31.25,11
2975.92,31.25,11
2976.92,31.25,9
2977.92,31.25,12
2978.92,31.25,11
2979.92,31.25,11
2980.92,31.25,12
2981.93,31.25,12
2982.92,31.25,11
2983.93,31.25,12
2984.93,31.25,11
2985.93,31.25,12
2986.93,31.25,11
2987.93,31.25,10
2988.93,31.25,11
2989.93,31.25,12
2990.94,31.25,9
2991.94,31.25,1
2992.94,31.25,10
2993.94,31.25,10
2994.94,31.25,13
2995.94,31.25,11
2996.94,31.25,21
2997.94,31.25,11
2998.94,31.25,10
2999.95,31.25,13
3000.95,31.25,11
3001.95,31.25,8
3002.95,31.25,8
3003.95,31.25,9
3004.95,31.25,11
3005.95,31.25,12
3006.95,31.25,14
3007.95,31.25,15
3008.95,31.25,15
3009.96,31.25,15
3010.96,31.25,15
3011.96,31.25,14
3012.98,31.25,7
3013.96,31.25,9
3014.96,31.25,9
3015.96,31.25,0
3016.96,31.25,2
3017.96,31.25,11
3018.99,31.25,19
3019.97,31.25,15
3020.97,31.25,10
3021.97,31.25,11
3022.97,31.25,16
3023.97,31.74,9
3024.97,31.25,8
3025.97,31.25,8
3026.97,31.25,10
3027.98,31.25,10
3028.98,31.25,10
3029.98,31.25,10
3030.98,31.25,12
3031.98,31.25,11
3032.98,31.25,10
3033.98,31.25,11
3034.98,31.25,8
3035.98,31.25,9
3036.98,31.25,9
3037.99,31.25,9
3038.99,31.25,9
3039.99,31.25,0
3040.99,31.25,10
3041.99,31.25,12
3042.99,31.25,11
3043.99,31.25,13
3045,31.25,24
3045.99,31.25,14
3047,31.25,10
3048,31.25,13
3049,31.25,13
3050,31.25,4
3051,31.25,10
3052,31.25,14
3053,31.25,14
3054.01,31.25,12
3055.01,31.25,185
3056.01,31.25,14
3057.01,31.25,13
3058.01,31.25,12
3059.01,31.25,9
3060.01,31.74,0
3061.01,31.25,9
3062.01,31.25,9
3063.02,31.25,18
3064.02,31.25,16
3065.02,31.74,14
3066.02,31.25,15
3067.02,31.25,14
3068.02,31.25,12
3069.02,31.25,13
3070.02,31.25,10
3071.02,31.25,11
3072.02,31.25,10
3073.03,31.25,2
3074.03,31.25,13
3075.03,31.25,12
3076.03,31.25,20
3077.03,31.25,13
3078.03,31.25,11
3079.04,31.25,20
3080.03,31.25,22
3081.03,31.25,21
3082.04,31.25,15
3083.04,31.25,17
3084.04,31.25,21
3085.04,31.74,22
3086.04,31.25,18
3087.04,31.25,21
3088.04,31.25,19
3089.05,31.25,19
3090.04,31.25,11
3091.05,31.25,12
3092.05,31.25,13
3093.05,31.74,7
3094.05,31.25,11
3095.05,31.25,18
3096.05,31.25,27
3097.05,31.25,21
3098.06,31.25,20
3099.06,31.25,18
3100.06,31.25,15
3101.06,31.25,12
3102.06,31.25,8
3103.06,31.25,7
3104.06,31.25,15
3105.06,31.25,16
3106.06,31.25,16
3107.07,31.25,24
3108.07,31.25,16
3109.07,31.25,14
3110.07,31.25,11
3111.07,31.25,1
3112.07,31.25,12
3113.07,31.25,0
3114.07,31.25,14
3115.07,31.25,22
3116.07,31.25,14
3117.08,31.25,13
3118.08,31.25,12
3119.08,31.25,8
3120.08,31.25,2
3121.08,31.25,10
3122.08,31.25,9
3123.08,31.25,10
3124.08,31.25,14
3125.08,31.25,54
3126.09,31.25,72
3127.09,31.25,13
3128.09,31.25,19
3129.09,31.74,3
3130.09,31.74,13
3131.09,31.74,0
3132.09,31.25,0
3133.1,31.25,10
3134.09,31.25,31
3135.1,31.25,15
3136.1,31.74,16
3137.1,31.74,21
3138.1,32.23,46
3139.1,32.23,26
3140.1,32.23,11
3141.1,31.74,3
3142.1,31.25,3
3143.11,31.25,10
3144.1,31.25,15
3145.11,31.25,25
3146.11,31.74,21
3147.11,31.74,25
3148.11,32.23,23
3149.11,31.74,19
3150.11,31.74,13
3151.11,31.74,20
3152.12,31.74,16
3153.12,31.74,22
3154.12,31.74,18
3155.12,31.25,18
3156.12,31.25,21
3157.12,31.25,23
3158.12,31.25,23
3159.12,31.25,18
3160.12,31.25,20
3161.13,31.74,40
3162.13,31.74,31
3163.13,31.74,31
3164.13,31.74,32
3165.13,31.74,37
3166.13,31.25,32
3167.13,31.25,29
3168.13,31.25,31
3169.13,31.25,25
3170.13,31.74,0
3171.14,31.25,0
3172.14,31.25,24
3173.14,31.25,25
3174.14,31.25,29
3175.14,31.25,18
3176.14,31.25,17
3177.15,31.25,18
3178.14,31.25,0
3179.14,31.25,0
3180.15,31.25,0
3181.15,31.25,0
3182.15,31.25,102
3183.15,31.25,341
3184.15,31.74,78
3185.15,31.25,59
3186.16,31.25,23
3187.16,31.74,16
3188.15,31.74,8
3189.16,31.25,10
3190.16,31.74,19
3191.16,31.74,16
3192.16,31.74,14
3193.16,31.74,15
3194.16,31.74,15
3195.16,31.25,14
3196.17,31.74,15
3197.17,31.25,19
3198.17,31.25,17
3199.17,31.74,35
3200.17,31.74,39
3201.17,31.25,38
3202.17,31.74,36
3203.17,31.74,70
3204.17,31.25,27
3205.18,31.74,32
3206.18,31.74,538
3207.18,31.74,487
3208.18,31.25,38
3209.18,31.25,19
3210.18,31.74,9
3211.18,31.25,0
3212.18,31.25,0
3213.18,31.25,1
3214.18,31.25,0
3215.19,31.25,21
3216.19,31.25,30
3217.19,31.74,32
3218.19,31.25,31
3219.19,31.25,21
3220.19,31.25,12
3221.19,31.25,1
3222.19,31.25,12
3223.19,31.25,11
3224.2,31.74,12
3225.2,31.25,8
3226.2,31.25,20
3227.2,31.74,36
3228.2,31.74,29
3229.2,31.74,34
3230.2,31.74,30
3231.2,31.74,27
3232.2,31.74,16
3233.21,31.25,0
3234.21,31.25,0
3235.21,31.25,0
3236.21,31.74,0
3237.21,31.25,8
3238.21,31.25,19
3239.21,31.25,30
3240.22,31.74,260
3241.21,31.74,299
3242.22,31.25,46
3243.22,31.25,0
3244.22,31.74,0
3245.22,31.74,0
3246.22,31.25,0
3247.22,31.25,37
3248.22,31.25,317
3249.23,31.74,33
3250.23,31.25,25
3251.22,31.25,54
3252.23,31.74,29
3253.23,31.74,205
3254.23,31.74,0
3255.23,31.25,0
3256.23,31.74,0
3257.23,31.74,0
3258.23,31.74,0
3259.24,31.74,0
3260.24,31.74,267
3261.24,31.74,616
3262.24,31.74,876
3263.24,31.74,990
3264.24,31.74,35
3265.24,31.74,30
3266.24,31.74,14
3267.24,31.74,2
3268.25,31.74,0
3269.25,31.74,0
3270.25,31.74,3
3271.25,31.74,11
3272.25,31.74,20
3273.25,31.74,25
3274.25,31.74,26
3275.25,31.74,25
3276.25,31.74,13
3277.25,31.74,5
3278.26,31.74,0
3279.26,31.74,0
3280.26,31.74,0
3281.26,31.74,12
3282.26,31.74,0
3283.26,31.74,234
3284.27,31.74,530
3285.26,31.74,588
3286.27,31.74,587
3287.27,31.74,825
3288.27,31.25,19
3289.27,31.74,16
3290.27,31.74,4
3291.27,31.25,0
3292.27,31.74,6
3293.28,31.74,17
3294.28,31.74,17
3295.27,31.74,25
3296.28,31.74,25
3297.28,31.74,27
3298.28,31.25,20
3299.28,31.25,12
3300.28,31.74,4
3301.28,31.74,0
3302.28,31.74,0
3303.29,31.74,0
3304.29,31.74,0
3305.29,31.74,21
3306.29,31.74,214
3307.29,31.74,341
3308.29,31.74,433
3309.29,31.74,453
3310.29,31.74,513
3311.3,31.74,387
3312.3,31.74,266
3313.3,31.74,32
3314.3,31.74,0
3315.3,31.74,0
3316.3,31.74,0
3317.3,31.74,0
3318.3,31.74,0
3319.3,31.74,27
3320.3,31.74,26
3321.31,31.74,31
3322.31,31.74,31
3323.31,31.74,25
3324.31,31.74,19
3325.31,31.74,19
3326.31,31.74,9
3327.31,31.74,6
3328.31,31.74,0
3329.31,31.74,2
3330.31,31.74,8
3331.32,31.74,0
3332.32,31.74,30
3333.32,31.74,91
3334.32,31.74,307
3335.32,31.74,29
3336.32,31.74,23
3337.32,31.74,24
3338.33,31.74,23
3339.32,31.74,30
3340.33,31.74,25
3341.33,31.74,25
3342.33,31.74,19
3343.33,31.74,13
3344.33,31.74,13
3345.33,31.74,15
3346.33,31.74,11
3347.34,31.74,14
3348.34,31.74,11
3349.34,31.74,11
3350.34,31.74,35
3351.34,31.74,66
3352.34,31.25,238
3353.34,31.25,26
3354.34,31.74,27
3355.34,31.74,24
3356.35,31.74,25
3357.35,32.23,22
3358.35,31.74,25
3359.35,31.74,19
3360.35,31.74,17
3361.35,31.74,12
3362.35,31.74,10
3363.35,31.74,6
3364.35,31.74,10
3365.35,31.25,0
3366.36,31.74,0
3367.36,31.74,0
3368.36,31.74,0
3369.36,31.74,46
3370.36,31.25,190
3371.36,31.74,358
3372.36,31.74,682
3373.36,31.25,544
3374.37,31.25,34
3375.37,31.74,27
3376.37,31.74,28
3377.37,31.74,24
3378.37,31.25,20
3379.37,31.74,21
3380.37,31.74,20
3381.38,31.74,21
3382.38,31.74,22
3383.37,31.74,20
3384.38,31.74,22
3385.38,31.74,14
3386.38,31.25,15
3387.38,31.74,24
3388.38,31.74,28
3389.38,31.25,18
3390.38,31.74,25
3391.39,31.74,31
3392.39,31.74,31
3393.39,31.25,26
3394.39,31.25,28
3395.39,31.74,30
3396.39,31.74,31
3397.39,31.25,22
3398.39,31.74,20
3399.39,31.25,22
3400.4,31.25,15
3401.4,31.25,15
3402.4,31.25,11
3403.4,31.25,5
3404.4,31.25,8
3405.4,31.25,7
3406.4,31.25,6
3407.4,31.74,11
3408.4,31.25,15
3409.41,31.25,23
3410.41,31.74,30
3411.41,31.74,25
3412.41,31.74,31
3413.41,31.74,33
3414.41,31.25,51
3415.41,31.25,21
3416.41,31.25,21
3417.41,31.74,19
3418.42,31.25,17
3419.42,31.25,14
3420.42,31.74,19
3421.42,31.25,14
3422.42,31.25,0
3423.42,31.74,1
3424.42,31.25,16
3425.43,31.25,29
3426.42,31.25,30
3427.42,31.25,33
3428.43,31.74,32
3429.43,31.25,27
3430.43,31.25,25
3431.43,31.25,19
3432.43,31.25,18
3433.43,31.25,21
3434.43,31.25,13
3435.44,31.25,12
3436.44,31.25,7
3437.44,31.74,10
3438.44,31.74,10
3439.44,31.25,2
3440.44,31.25,5
3441.44,31.25,19
3442.44,31.25,22
3443.44,31.25,14
3444.45,31.25,19
3445.45,31.25,7
3446.44,31.25,7
3447.45,31.25,22
3448.45,31.25,9
3449.45,31.25,11
3450.45,31.25,63
3451.45,31.25,22
3452.45,31.25,14
3453.46,31.25,28
3454.46,31.25,23
3455.46,31.74,253
3456.46,31.25,25
3457.46,31.25,31
3458.46,31.25,31
3459.46,31.25,24
3460.46,31.25,45
3461.46,31.25,25
3462.47,31.25,16
3463.47,31.25,11
3464.47,31.25,0
3465.47,31.25,0
3466.47,31.25,0
3467.47,31.25,4
3468.47,31.25,7
3469.48,31.25,13
3470.47,31.25,21
3471.47,31.25,23
3472.48,31.25,28
3473.48,31.25,22
3474.48,31.25,25
3475.48,31.25,12
3476.48,31.25,5
3477.48,31.25,0
3478.48,31.25,17
3479.49,31.25,6
3480.48,31.25,2
3481.49,31.25,11
3482.49,31.25,143
3483.49,31.25,369
3484.49,31.25,501
3485.49,31.25,426
3486.49,31.25,616
3487.5,31.25,615
3488.5,31.25,391
3489.5,31.25,316
3490.5,31.25,101
3491.5,31.25,0
3492.5,31.25,0
3493.5,31.25,0
3494.5,31.25,0
3495.5,31.25,0
3496.5,31.25,0
3497.5,31.25,0
3498.51,31.25,0
3499.51,31.25,85
3500.51,31.25,445
3501.51,31.25,863
3502.51,31.25,839
3503.51,31.25,877
3504.51,31.25,825
3505.51,31.25,413
3506.52,31.25,217
3507.52,31.25,0
3508.52,31.25,0
3509.52,31.25,0
3510.52,31.25,0
3511.52,31.25,0
3512.52,31.25,12
3513.52,31.25,7
3514.52,31.25,2
3515.52,31.25,17
3516.53,31.25,19
3517.53,31.25,26
3518.53,31.25,22
3519.53,31.25,23
3520.53,31.25,23
3521.53,31.25,27
3522.53,31.25,25
3523.54,31.25,14
3524.53,31.25,11
3525.54,31.25,10
3526.54,31.25,0
3527.54,31.25,5
3528.54,31.25,2
3529.54,31.25,0
3530.54,31.25,2
3531.54,31.25,0
3532.54,31.25,5
3533.55,31.25,5
3534.55,31.74,15
3535.55,31.25,18
3536.55,31.25,21
3537.55,31.25,25
3538.55,31.74,23
3539.55,31.25,24
3540.55,31.74,18
3541.56,31.25,13
3542.56,31.25,4
3543.56,31.25,0
3544.56,31.25,4
3545.56,31.25,0
3546.56,31.25,2
3547.56,31.25,0
3548.56,31.25,6
3549.56,31.25,4
3550.56,31.25,6
3551.57,31.25,12
3552.57,31.25,13
3553.57,31.25,19
3554.57,31.74,24
3555.57,31.25,23
3556.57,31.25,25
3557.57,31.25,24
3558.57,31.25,22
3559.57,31.25,22
3560.58,31.25,19
3561.58,31.74,18
3562.58,31.25,7
3563.58,31.25,2
3564.58,31.25,0
3565.58,31.25,0
3566.58,31.25,0
3567.58,31.25,0
3568.58,31.25,130
3569.59,31.25,374
3570.59,31.74,440
3571.59,31.25,599
3572.59,31.25,671
3573.59,31.25,532
3574.59,31.25,332
3575.59,31.25,10
3576.59,31.25,0
3577.59,31.25,0
3578.59,31.25,0
3579.6,31.25,0
3580.6,31.25,10
3581.6,31.25,8
3582.6,31.25,0
3583.6,31.25,6
3584.6,31.25,7
3585.6,31.25,8
3586.61,31.25,11
3587.61,31.25,20
3588.61,31.25,21
3589.61,31.25,24
3590.61,31.25,25
3591.61,31.25,28
3592.61,31.25,29
3593.61,31.25,19
3594.61,31.25,17
3595.62,31.25,10
3596.62,31.25,7
3597.61,31.25,3
3598.62,31.25,1
3599.62,31.25,1
3600.62,31.25,2
3601.62,31.25,0
3602.62,31.25,0
3603.62,31.25,0
3604.62,31.25,0
3605.63,31.25,0
3606.63,31.25,13
3607.63,31.25,20
3608.63,31.25,9
3609.63,31.25,14
3610.63,31.25,12
3611.63,31.25,9
3612.63,31.25,13
3613.63,31.74,16
3614.64,31.25,9
3615.64,31.25,13
3616.64,31.74,13
3617.64,31.25,8
3618.64,31.25,10
3619.64,31.25,12
3620.64,31.25,8
3621.64,31.25,16
3622.64,31.25,10
3623.65,31.25,10
3624.65,31.25,11
3625.65,31.25,15
3626.65,31.74,13
3627.65,31.25,10
3628.65,31.25,26
3629.65,31.25,23
3630.66,31.25,11
3631.66,31.25,16
3632.66,31.25,10
3633.66,31.25,8
3634.66,31.25,14
3635.66,31.25,11
3636.66,31.25,9
3637.66,31.25,12
3638.66,31.25,12
3639.67,31.25,10
3640.67,31.25,13
3641.67,31.25,12
3642.68,31.25,10
3643.67,31.25,10
3644.67,31.25,311
3645.67,31.25,171
3646.67,31.25,0
3647.67,31.25,0
3648.67,31.25,0
3649.68,30.76,0
3650.68,31.25,6
3651.68,31.25,17
3652.68,31.25,25
3653.68,31.25,24
3654.68,31.25,17
3655.68,31.25,10
3656.68,31.25,12
3657.68,31.25,14
3658.69,31.25,14
3659.69,31.25,13
3660.69,31.25,3
3661.69,31.25,2
3662.69,31.25,9
3663.69,31.25,11
3664.69,31.25,11
3665.69,31.25,8
3666.69,31.25,9
3667.7,31.74,13
3668.7,31.25,13
3669.7,31.25,10
3670.7,31.25,10
3671.7,31.25,14
3672.7,31.25,10
3673.7,31.25,10
3674.71,31.25,12
3675.7,31.25,13
3676.71,31.25,10
3677.71,31.25,12
3678.71,31.25,10
3679.71,31.25,9
3680.71,31.25,13
3681.71,31.25,9
3682.71,31.25,8
3683.71,31.25,9
3684.72,31.25,16
3685.71,31.25,9
3686.72,31.25,10
3687.72,31.25,12
3688.72,31.25,10
3689.72,31.25,11
3690.72,31.25,11
3691.72,31.25,10
3692.72,31.25,9
3693.73,31.25,11
3694.73,31.25,9
3695.73,31.25,9
3696.73,31.25,9
3697.73,31.25,9
3698.73,31.25,10
3699.73,31.25,9
3700.73,31.25,10
3701.73,31.25,12
3702.74,31.25,10
3703.74,31.25,10
3704.74,31.25,14
3705.74,31.25,18
3706.74,31.25,223
3707.74,31.74,37
3708.74,31.25,0
3709.75,31.25,14
3710.74,31.25,13
3711.75,31.25,12
3712.75,31.25,9
3713.75,31.25,12
3714.75,31.25,13
3715.75,31.25,10
3716.75,31.25,10
3717.75,31.25,13
3718.76,31.25,22
3719.75,31.74,635
3720.76,31.25,280
3721.76,31.25,33
3722.76,31.74,0
3723.76,31.25,3
3724.76,31.25,2
3725.76,31.25,5
3726.76,31.25,4
3727.76,31.25,6
3728.77,31.25,7
3729.76,31.25,8
3730.77,31.25,8
3731.77,31.25,9
3732.77,30.76,9
3733.77,30.76,9
3734.77,30.76,10
3735.77,30.76,11
3736.77,30.76,11
3737.78,30.76,11
3738.78,30.76,11
3739.78,30.76,12
3740.78,30.76,11
3741.78,30.76,10
3742.78,30.76,11
3743.78,30.76,11
3744.78,30.76,10
3745.78,30.76,9
3746.78,30.27,8
3747.79,30.27,8
3748.79,30.27,7
3749.79,30.27,7
3750.79,30.27,6
3751.79,30.27,6
3752.79,30.27,6
3753.79,30.27,8
3754.79,30.27,8
3755.79,30.27,7
3756.8,30.27,7
3757.8,30.27,8
3758.8,30.27,8
3759.8,29.79,8
3760.8,29.79,9
3761.8,29.79,9
3762.8,29.79,10
3763.8,29.79,10
3764.8,29.79,10
3765.81,29.79,11
3766.81,29.79,11
3767.81,29.79,10
3768.81,29.79,10
3769.81,29.79,10
3770.81,29.79,10
3771.81,29.79,9
3772.82,29.79,8
3773.81,29.3,8
3774.81,29.3,8
3775.82,29.3,7
3776.82,29.3,7
3777.82,29.3,7
3778.82,29.3,6
3779.82,29.3,6
3780.82,29.3,6
3781.82,29.3,7
3782.83,29.3,7
3783.82,29.3,10
3784.83,29.3,9
3785.83,29.3,9
3786.83,29.3,9
3787.83,28.81,10
3788.83,28.81,10
3789.83,28.81,10
3790.83,28.81,10
3791.84,28.81,9
3792.84,28.81,9
3793.84,28.81,10
3794.84,28.81,9
3795.84,28.81,8
3796.84,28.81,8
3797.84,28.81,8
3798.84,28.81,8
3799.84,28.81,7
3800.84,28.81,7
3801.85,28.32,3
3802.85,28.32,3
3803.85,28.32,5
3804.85,28.32,5
3805.85,28.32,6
3806.85,28.32,9
3807.85,28.32,8
3808.85,28.32,8
3809.85,28.32,9
3810.86,28.32,9
3811.86,28.32,13
3812.86,28.32,12
3813.86,28.32,10
3814.86,28.32,10
3815.86,28.32,10
3816.86,28.32,8
3817.86,28.32,7
3818.86,28.32,6
3819.86,27.83,5
3820.87,27.83,5
3821.87,27.83,5
3822.87,27.83,5
3823.87,27.83,4
3824.87,27.83,3
3825.87,27.83,3
3826.87,27.83,7
3827.87,27.83,6
3828.87,27.83,7
3829.88,27.83,8
3830.88,27.83,9
3831.88,27.83,11
3832.88,27.83,11
3833.88,27.34,11
3834.88,27.34,12
3835.89,27.34,12
3836.89,27.34,12
3837.88,27.34,11
3838.89,27.34,12
3839.89,27.34,10
3840.89,27.34,12
3841.89,27.34,9
3842.89,27.34,10
3843.89,27.34,10
3844.89,27.34,9
3845.9,27.34,7
3846.9,27.34,8
3847.89,27.34,7
3848.9,27.34,6
3849.9,27.34,5
3850.9,26.86,5
3851.9,27.34,4
3852.9,27.34,4
3853.9,26.86,3
3854.9,26.86,4
3855.91,26.86,3
3856.91,26.86,4
3857.91,26.86,6
3858.91,26.86,6
3859.91,26.86,6
3860.91,26.86,7
3861.91,26.86,10
3862.91,26.86,10
3863.91,26.86,10
3864.92,26.86,11
3865.92,26.86,11
3866.92,26.86,12
3867.92,26.86,11
3868.92,26.86,11
3869.92,26.86,12
3870.92,26.86,11
3871.92,26.37,10
3872.92,26.37,12
3873.93,26.37,11
3874.93,26.37,10
3875.93,26.37,8
3876.93,26.37,9
3877.93,26.37,7
3878.93,26.37,6
3879.93,26.37,5
3880.93,26.37,5
3881.93,26.37,4
3882.93,26.37,4
3883.94,26.37,4
3884.94,26.37,3
3885.94,26.37,4
3886.94,26.37,5
3887.94,26.37,8
3888.94,26.37,10
3889.94,26.37,11
3890.95,26.37,11
3891.94,26.37,11
3892.95,26.37,11
3893.95,26.37,10
3894.95,26.37,9
3895.95,26.37,6
3896.95,26.37,5
3897.95,26.37,5
3898.95,26.37,5
3899.96,25.88,4
3900.95,25.88,4
3901.95,25.88,4
3902.96,25.88,4
3903.96,25.88,3
3904.96,25.88,3
3905.96,25.88,4
3906.96,25.88,5
3907.96,25.88,6
3908.96,25.88,5
3909.97,25.88,8
3910.97,25.88,10
3911.97,25.88,10
3912.97,25.88,10
3913.97,25.88,11
3914.97,25.88,12
3915.97,25.88,10
3916.97,25.88,12
3917.97,25.88,11
3918.98,25.88,11
3919.98,25.88,12
3920.98,25.88,11
3921.98,25.88,11
3922.98,25.88,10
3923.98,25.88,9
3924.98,25.88,8
3925.98,25.88,9
3926.98,25.39,7
3927.98,25.39,6
3928.99,25.39,5
3929.99,25.39,3
3930.99,25.39,3
3931.99,25.39,4
3932.99,25.39,3
3933.99,25.39,2
3934.99,25.39,3
3935.99,25.39,2
3936.99,25.39,4
3938,25.39,7
3939,25.39,6
3940,25.39,7
3941,25.39,8
3942,25.39,7
3943,25.39,9
3944,25.39,10
3945,25.39,9
3946,25.39,10
3947.01,25.39,11
3948.01,25.39,11
3949.01,25.39,11
3950.01,25.39,10
3951.01,25.39,11
3952.01,25.39,10
3953.01,25.39,9
3954.01,25.39,7
3955.01,25.39,7
3956.01,25.39,5
3957.02,25.39,4
3958.02,25.39,4
3959.02,25.39,4
3960.02,25.39,3
3961.02,24.9,4
3962.02,25.39,3
3963.02,25.39,3
3964.03,24.9,3
3965.02,25.39,5
3966.02,24.9,6
3967.03,24.9,5
3968.03,24.9,5
3969.03,24.9,8
3970.03,24.9,8
3971.03,24.9,8
3972.03,24.9,10
3973.04,24.9,10
3974.04,24.9,10
3975.04,24.9,10
3976.04,24.9,11
3977.04,24.9,11
3978.04,24.9,10
3979.04,24.9,10
3980.04,24.9,9
3981.04,24.9,8
3982.04,24.9,5
3983.05,24.9,4
3984.05,24.9,4
3985.05,24.9,4
3986.05,24.9,3
3987.05,24.9,3
3988.05,24.9,3
3989.05,24.9,3
3990.05,24.9,3
3991.05,24.9,4
3992.06,24.9,3
3993.06,24.9,3
3994.06,24.9,3
3995.06,24.9,4
3996.06,24.9,2
3997.06,24.9,3
3998.06,24.9,2
3999.06,24.9,5
4000.06,24.9,5
4001.06,24.9,7
4002.07,24.9,6
4003.07,24.9,7
4004.07,24.9,9
4005.07,24.9,9
4006.07,24.9,10
4007.07,24.9,10
4008.08,24.41,11
4009.07,24.9,11
4010.07,24.41,11
4011.08,24.9,12
4012.08,24.41,10
4013.08,24.41,11
4014.08,24.41,8
4015.08,24.41,8
4016.08,24.41,8
4017.08,24.41,9
4018.09,24.41,8
4019.08,24.41,6
4020.08,24.41,6
4021.09,24.41,6
4022.09,24.41,4
4023.09,24.41,5
4024.09,24.41,4
4025.09,24.41,3
4026.09,24.41,3
4027.09,24.41,3
4028.1,24.41,3
4029.09,24.41,3
4030.1,24.41,3
4031.1,24.41,3
4032.1,24.41,3
4033.1,24.41,3
4034.1,24.41,3
4035.1,24.41,3
4036.1,24.41,3
4037.11,24.41,3
4038.11,24.41,3
4039.1,24.41,3
4040.11,24.41,3
4041.11,24.41,3
4042.11,24.41,3
4043.11,24.41,2
4044.11,24.41,3
4045.11,24.41,3
4046.11,24.41,2
4047.12,24.41,3
4048.12,24.41,4
4049.12,24.41,4
4050.12,24.41,3
4051.12,24.41,3
4052.12,24.41,3
4053.12,24.41,3
4054.12,24.41,3
4055.12,24.41,3
4056.13,24.41,3
4057.13,24.41,3
4058.13,24.41,3
4059.13,24.41,3
4060.13,24.41,3
4061.13,24.41,4
4062.13,24.41,1
4063.13,24.41,4
4064.13,24.41,6
4065.13,24.41,5
4066.14,24.41,6
4067.14,24.41,5
4068.14,24.41,7
4069.14,24.41,7
4070.14,24.41,7
4071.14,24.41,7
4072.14,24.41,8
4073.14,24.41,9
4074.14,24.41,9
4075.15,24.41,9
4076.15,23.93,8
4077.15,23.93,10
4078.15,24.41,10
4079.15,24.41,10
4080.15,23.93,10
4081.15,24.41,10
4082.16,23.93,11
4083.15,24.41,10
4084.16,23.93,10
4085.16,23.93,11
4086.16,23.93,10
4087.16,23.93,9
4088.16,23.93,9
4089.16,23.93,9
4090.16,23.93,10
4091.16,23.93,9
4092.17,23.93,12
4093.16,23.93,10
4094.17,23.93,8
4095.17,23.93,9
4096.17,23.93,9
4097.17,23.93,9
4098.17,23.93,9
4099.17,23.93,9
4100.17,23.93,9
4101.18,23.93,11
4102.18,23.93,9
4103.17,23.93,9
4104.18,23.93,7
4105.18,23.93,10
4106.18,23.93,9
4107.18,23.93,9
4108.18,23.93,7
4109.18,23.93,7
4110.18,23.93,6
4111.19,23.93,5
4112.19,23.93,4
4113.19,23.93,4
4114.19,23.93,5
4115.19,23.93,4
4116.19,23.93,4
4117.19,23.93,3
4118.19,23.93,3
4119.19,23.93,2
4120.2,23.93,2
4121.2,23.93,2
4122.2,23.93,2
4123.2,23.93,3
4124.2,23.93,3
4125.2,23.93,3
4126.2,23.93,4
4127.2,23.93,5
4128.2,23.93,7
4129.2,23.93,8
4130.21,23.93,9
4131.21,23.93,9
4132.21,23.93,10
4133.21,23.93,11
4134.21,23.93,10
4135.21,23.93,11
4136.21,23.93,11
4137.21,23.93,10
4138.22,23.93,10
4139.22,23.93,10
4140.22,23.93,10
4141.22,23.93,9
4142.22,23.93,8
4143.22,23.93,9
4144.22,23.93,8
4145.22,23.93,7
4146.23,23.93,8
4147.22,23.93,7
4148.22,23.93,7
4149.23,23.93,6
4150.23,23.93,5
4151.23,23.93,4
4152.23,23.93,4
4153.23,23.93,3
4154.23,23.93,3
4155.23,23.93,3
4156.23,23.93,3
4157.23,23.93,3
4158.24,23.93,4
4159.24,23.93,3
4160.24,23.93,3
4161.24,23.93,2
4162.24,23.93,3
4163.24,23.93,3
4164.24,23.93,3
4165.25,23.93,2
4166.25,23.93,4
4167.24,23.93,2
4168.25,23.93,2
4169.25,23.93,4
4170.25,23.93,5
4171.25,23.93,6
4172.25,23.93,6
4173.25,23.93,6
4174.25,23.93,4
4175.26,23.93,5
4176.25,23.93,6
4177.26,23.93,6
4178.26,23.93,5
4179.26,23.93,7
4180.26,23.93,6
4181.26,23.93,9
4182.26,23.93,9
4183.26,23.93,9
4184.27,23.93,9
4185.27,23.93,9
4186.27,23.93,10
4187.27,23.93,10
4188.27,23.93,10
4189.27,23.93,10
4190.27,23.93,11
4191.27,23.93,11
4192.27,23.93,9
4193.27,23.93,9
4194.28,23.93,8
4195.28,23.93,6
4196.28,23.93,5
4197.28,23.93,5
4198.28,23.93,4
4199.28,23.93,3
4200.28,23.93,2
4201.28,23.93,2
4202.28,23.93,6
4203.29,23.93,6
4204.29,23.93,6
4205.29,23.93,9
4206.29,23.93,9
4207.29,23.93,9
4208.29,23.93,11
4209.29,23.93,10
4210.29,23.93,10
4211.29,23.93,10
4212.3,23.44,10
4213.3,23.93,10
4214.3,23.93,9
4215.3,23.93,8
4216.3,23.93,7
4217.3,23.93,6
4218.3,23.44,4
4219.3,23.44,3
4220.3,23.93,3
4221.3,23.93,3
4222.31,23.93,2
4223.31,23.44,3
4224.31,23.44,3
4225.31,23.93,6
4226.31,23.93,5
4227.31,23.93,8
4228.31,23.44,8
4229.32,23.44,10
4230.31,23.44,11
4231.32,23.93,10
4232.32,23.44,10
4233.32,23.44,8
4234.32,23.44,6
4235.32,23.44,5
4236.32,23.44,4
4237.32,23.44,4
4238.32,23.44,3
4239.33,23.44,3
4240.33,23.44,1
4241.33,23.44,5
4242.33,23.93,7
4243.33,23.44,9
4244.33,23.44,10
4245.33,23.44,11
4246.33,23.44,10
4247.34,23.44,10
4248.34,23.44,7
4249.34,23.44,6
4250.34,23.44,5
4251.34,23.44,3
4252.34,23.44,3
4253.34,23.44,2
4254.34,23.44,4
4255.34,23.44,5
4256.34,23.44,8
4257.34,23.44,8
4258.35,23.44,9
4259.35,23.44,10
4260.35,23.44,11
4261.35,23.44,9
4262.35,23.44,9
4263.35,23.44,6
4264.35,23.44,4
4265.35,23.44,2
4266.35,23.44,3
4267.36,23.44,4
4268.36,23.44,6
4269.36,23.44,4
4270.36,23.44,7
4271.36,23.44,9
4272.36,23.44,9
4273.36,23.44,10
4274.36,23.44,10
4275.36,23.44,11
4276.37,23.44,10
4277.37,23.44,10
4278.37,23.44,8
4279.37,23.44,8
4280.37,23.44,7
4281.37,23.44,6
4282.37,23.44,4
4283.37,23.44,4
4284.38,23.44,4
4285.37,23.44,3
4286.38,23.44,2
4287.38,23.44,2
4288.38,23.44,4
4289.38,23.44,5
4290.38,23.44,7
4291.38,23.44,9
4292.38,23.44,9
4293.39,23.44,9
4294.38,23.44,10
4295.39,23.44,9
4296.39,23.44,8
4297.39,23.44,6
4298.39,23.44,4
4299.39,23.44,3
4300.39,23.44,3
4301.39,23.44,3
4302.39,23.44,4
4303.4,23.44,5
4304.4,23.44,7
4305.4,23.44,9
4306.4,23.44,11
4307.4,23.44,10
4308.4,23.44,10
4309.4,23.44,10
4310.4,23.44,9
4311.4,23.44,8
4312.41,23.44,6
4313.41,23.44,4
4314.41,23.44,4
4315.41,23.44,4
4316.41,23.44,3
4317.41,23.44,2
4318.41,23.44,3
4319.41,23.44,6
4320.41,23.44,6
4321.41,23.44,9
4322.42,23.44,10
4323.42,23.44,10
4324.42,23.44,10
4325.42,23.44,7
4326.42,23.44,6
4327.42,23.44,6
4328.42,23.44,4
4329.42,23.44,3
4330.42,23.44,2
4331.43,23.44,2
4332.43,23.44,2
4333.43,23.44,2
4334.43,23.44,4
4335.43,23.44,2
4336.43,23.44,4
4337.43,23.44,5
4338.43,23.44,6
4339.43,23.44,8
4340.44,23.44,10
4341.44,23.44,9
4342.44,23.44,11
4343.44,23.44,10
4344.44,23.44,7
4345.44,23.44,5
4346.44,23.44,4
4347.44,23.44,3
4348.44,23.44,2
4349.44,23.44,3
4350.45,23.44,4
4351.45,23.44,4
4352.45,23.44,7
4353.45,23.44,9
4354.45,23.44,10
4355.45,23.44,10
4356.45,23.44,9
4357.46,23.44,8
4358.45,23.44,7
4359.46,23.44,5
4360.46,23.44,4
4361.46,23.44,3
4362.46,23.44,2
4363.46,23.44,2
4364.46,23.44,4
4365.46,23.44,7
4366.46,23.44,9
4367.47,23.44,10
4368.47,23.44,11
4369.47,23.44,11
4370.47,23.44,9
4371.47,23.44,6
4372.47,23.44,4
4373.47,23.44,3
4374.47,23.44,2
4375.47,23.44,2
4376.48,23.44,2
4377.48,23.44,5
4378.48,23.44,6
4379.48,23.44,9
4380.48,23.44,10
4381.48,23.44,10
4382.48,23.44,11
4383.48,23.44,7
4384.48,23.44,6
4385.49,23.44,4
4386.49,23.44,4
4387.49,23.44,3
4388.49,23.44,3
4389.49,23.44,3
4390.49,23.44,4
4391.49,23.44,6
4392.49,23.44,7
4393.49,23.44,8
4394.5,23.44,10
4395.5,23.44,10
4396.5,23.44,10
4397.5,23.44,9
4398.5,23.44,6
4399.5,23.44,3
4400.5,23.44,3
4401.5,23.44,3
4402.5,23.44,3
4403.5,23.44,6
4404.51,23.44,6
4405.51,23.44,7
4406.51,23.44,9
4407.51,23.44,8
4408.51,23.44,11
4409.51,23.44,10
4410.51,23.44,9
4411.51,23.44,8
4412.51,23.44,7
4413.51,23.44,4
4414.52,23.44,4
4415.52,23.44,3
4416.52,23.44,1
4417.52,23.44,3
4418.52,23.44,4
4419.52,23.44,7
4420.52,23.44,9
4421.53,23.44,9
4422.52,23.44,10
4423.53,23.44,10
4424.53,23.44,10
4425.53,23.44,9
4426.53,23.44,8
4427.53,23.44,8
4428.53,23.44,6
4429.53,23.44,4
4430.54,23.44,3
4431.54,23.44,2
4432.53,23.44,2
4433.54,23.44,3
4434.54,23.44,4
4435.54,23.44,6
4436.54,23.44,7
4437.54,23.44,8
4438.54,23.44,10
4439.55,23.44,10
4440.55,23.44,10
4441.55,23.44,8
4442.55,23.44,7
4443.55,23.44,4
4444.55,23.44,3
4445.55,23.44,2
4446.55,23.44,2
4447.55,23.44,4
4448.55,23.44,6
4449.56,23.44,9
4450.56,23.44,9
4451.56,23.44,10
4452.56,23.44,11
4453.56,23.44,11
4454.56,23.44,8
4455.56,23.44,7
4456.56,23.44,6
4457.56,23.44,4
4458.56,23.44,3
4459.57,23.44,2
4460.57,23.44,3
4461.57,23.44,2
4462.57,23.44,3
4463.57,23.44,6
4464.57,23.44,4
4465.57,23.44,7
4466.57,23.44,9
4467.57,23.44,9
4468.58,23.44,10
4469.58,23.44,10
4470.58,23.44,10
4471.58,23.44,9
4472.58,23.44,9
4473.58,23.44,6
4474.58,23.44,4
4475.58,23.44,4
4476.58,23.44,3
4477.58,23.44,3
4478.59,23.44,3
4479.59,23.44,2
4480.59,23.44,3
4481.59,23.44,5
4482.59,23.44,6
4483.59,23.44,6
4484.59,23.44,7
4485.6,23.44,9
4486.59,23.44,9
4487.6,23.44,11
4488.6,23.44,10
4489.6,23.44,11
4490.6,23.44,9
4491.6,23.44,7
4492.6,23.44,6
4493.6,23.44,4
4494.6,23.44,3
4495.6,23.44,2
4496.6,23.44,3
4497.61,23.44,2
4498.61,23.44,5
4499.61,23.44,6
4500.61,23.44,7
4501.61,23.44,9
4502.61,23.44,9
4503.62,23.44,10
4504.62,23.44,10
4505.62,23.44,10
4506.62,23.44,10
4507.62,23.44,11
4508.62,23.44,9
4509.62,23.44,10
4510.62,23.44,7
4511.62,23.44,7
4512.62,23.44,5
4513.63,23.44,4
4514.63,23.44,4
4515.62,23.44,2
4516.63,23.44,2
4517.63,23.44,2
4518.63,23.44,4
4519.63,23.44,5
4520.63,23.44,7
4521.63,23.44,7
4522.63,23.44,9
4523.64,23.44,9
4524.64,23.44,10
4525.64,23.44,10
4526.64,23.44,11
4527.64,23.44,9
4528.64,23.44,8
4529.64,23.44,8
4530.64,23.44,5
4531.64,23.44,4
4532.65,23.44,3
4533.65,23.44,3
4534.65,23.44,1
4535.65,23.44,6
4536.65,23.44,6
4537.65,23.44,8
4538.65,23.44,8
4539.65,23.44,10
4540.65,23.44,10
4541.66,23.44,10
4542.66,23.44,10
4543.66,23.44,9
4544.66,23.44,11
4545.66,23.44,9
4546.66,23.44,7
4547.66,23.44,7
4548.66,23.44,6
4549.67,23.44,4
4550.66,23.44,3
4551.67,23.44,2
4552.67,23.44,2
4553.67,23.44,2
4554.67,23.44,2
4555.67,23.44,5
4556.67,23.44,6
4557.67,23.44,6
4558.67,23.44,8
4559.67,23.44,9
4560.67,23.44,9
4561.68,23.44,10
4562.68,23.44,10
4563.68,23.44,10
4564.68,22.95,11
4565.68,23.44,10
4566.68,23.44,9
4567.68,23.44,9
4568.69,22.95,8
4569.69,23.44,8
4570.69,23.44,6
4571.69,23.44,6
4572.69,23.44,4
4573.69,22.95,4
4574.69,23.44,4
4575.69,23.44,2
4576.69,23.44,2
4577.7,23.44,2
4578.7,23.44,2
4579.69,22.95,4
4580.7,23.44,4
4581.7,23.44,6
4582.7,23.44,8
4583.7,23.44,9
4584.7,23.44,10
4585.7,23.44,10
4586.71,23.44,10
4587.71,23.44,11
4588.71,23.44,10
4589.71,23.44,10
4590.71,23.44,9
4591.71,23.44,8
4592.71,23.44,7
4593.71,23.44,8
4594.71,23.44,5
4595.71,23.44,6
4596.72,23.44,5
4597.72,22.95,4
4598.72,22.95,3
4599.72,22.95,2
4600.72,22.95,3
4601.72,23.44,2
4602.72,22.95,3
4603.72,23.44,5
4604.72,23.44,7
4605.72,22.95,9
4606.73,22.95,10
4607.73,23.44,10
4608.73,23.44,10
4609.73,22.95,9
4610.73,22.95,7
4611.73,22.95,5
4612.73,23.44,4
4613.73,22.95,4
4614.73,22.95,4
4615.74,23.44,3
4616.74,22.95,2
4617.74,22.95,2
4618.74,22.95,2
4619.74,22.95,2
4620.74,22.95,3
4621.74,23.44,2
4622.74,22.95,3
4623.74,22.95,5
4624.74,22.95,6
4625.75,22.95,5
4626.75,22.95,7
4627.75,22.95,7
4628.75,22.95,9
4629.75,22.95,9
4630.75,22.95,9
4631.75,22.95,9
4632.76,22.95,10
4633.75,22.95,10
4634.76,23.44,10
4635.76,22.95,11
4636.76,22.95,9
4637.76,22.95,10
4638.76,22.95,9
4639.76,22.95,7
4640.76,22.95,6
4641.77,22.95,5
4642.77,22.95,4
4643.76,22.95,4
4644.77,22.95,3
4645.77,22.95,2
4646.77,22.95,3
4647.77,22.95,3
4648.77,22.95,3
4649.77,22.95,2
4650.77,22.95,2
4651.78,22.95,1
4652.78,22.95,3
4653.78,22.95,2
4654.78,22.95,3
4655.78,22.95,5
4656.78,22.95,6
4657.78,22.95,5
4658.78,22.95,7
4659.78,22.95,8
4660.78,22.95,9
4661.79,22.95,9
4662.79,22.95,10
4663.79,22.95,10
4664.79,22.95,9
4665.79,22.95,7
4666.79,22.95,6
4667.79,22.95,3
4668.79,22.95,2
4669.79,22.95,2
4670.8,22.95,3
4671.8,22.95,4
4672.8,22.95,7
4673.8,22.95,9
4674.8,22.95,10
4675.8,22.95,10
4676.8,22.95,10
4677.8,22.95,9
4678.8,22.95,7
4679.8,22.95,7
4680.81,22.95,5
4681.81,22.95,4
4682.81,22.95,3
4683.81,22.95,3
4684.81,22.95,3
4685.81,22.95,2
4686.81,22.95,2
4687.81,22.95,2
4688.81,22.95,3
4689.82,22.95,4
4690.82,22.95,5
4691.82,22.95,4
4692.82,22.95,5
4693.82,22.95,6
4694.82,22.95,7
4695.82,22.95,7
4696.83,22.95,8
4697.82,22.95,8
4698.82,22.95,9
4699.83,22.95,9
4700.83,22.95,8
4701.83,22.95,9
4702.83,22.95,9
4703.83,22.95,10
4704.83,22.95,10
4705.83,22.95,9
4706.84,22.95,10
4707.84,22.95,10
4708.84,22.95,10
4709.84,22.95,10
4710.84,22.95,10
4711.84,22.95,11
4712.84,22.95,10
4713.84,22.95,10
4714.85,22.95,10
4715.85,22.95,10
4716.85,22.95,9
4717.85,22.95,9
4718.85,22.95,12
4719.85,22.95,9
4720.85,22.95,8
4721.85,22.95,8
4722.85,22.95,8
4723.85,22.95,8
4724.85,22.95,6
4725.86,22.95,6
4726.86,22.95,6
4727.86,22.95,4
4728.86,22.95,3
4729.86,22.95,3
4730.86,22.95,3
4731.86,22.95,2
4732.86,22.95,3
4733.86,22.95,2
4734.87,22.95,2
4735.87,22.95,3
4736.87,22.95,6
4737.87,22.95,6
4738.87,22.95,6
4739.87,22.95,6
4740.87,22.95,4
4741.87,22.95,4
4742.87,22.95,5
4743.87,22.95,6
4744.88,22.95,4
4745.88,22.95,6
4746.88,22.95,4
4747.88,22.95,6
4748.88,22.95,6
4749.88,22.95,6
4750.88,22.95,5
4751.88,22.95,4
4752.88,22.95,6
4753.89,22.95,6
4754.89,22.95,4
4755.89,22.95,5
4756.89,22.95,5
4757.89,22.95,6
4758.89,22.95,6
4759.89,22.95,5
4760.9,22.95,5
4761.89,22.95,6
4762.89,22.95,6
4763.9,22.95,7
4764.9,22.95,9
4765.9,22.95,9
4766.9,22.95,9
4767.9,22.95,8
4768.9,22.95,9
4769.9,22.95,8
4770.91,22.95,7
4771.9,22.95,7
4772.91,22.95,7
4773.91,22.95,7
4774.91,22.95,5
4775.91,22.95,5
4776.91,22.95,7
4777.91,22.95,6
4778.91,22.95,7
4779.92,22.95,7
4780.92,22.95,9
4781.91,22.95,9
4782.92,22.95,9
4783.92,22.95,9
4784.92,22.95,10
4785.92,22.95,9
4786.92,22.95,9
4787.92,22.95,10
4788.92,22.95,9
4789.93,22.95,9
4790.93,22.95,10
4791.93,22.95,8
4792.93,22.95,7
4793.93,22.95,8
4794.93,22.95,7
4795.93,22.95,5
4796.93,22.95,4
4797.93,22.95,4
4798.94,22.95,3
4799.94,22.95,3
4800.94,22.95,2
4801.94,22.95,3
4802.94,22.95,3
4803.94,22.95,2
4804.94,22.95,2
4805.94,22.95,4
4806.94,22.95,4
4807.94,22.95,4
4808.95,22.95,6
4809.95,22.95,7
4810.95,22.95,6
4811.95,22.95,9
4812.95,22.95,9
4813.95,22.95,10
4814.95,22.95,10
4815.95,22.95,9
4816.95,22.95,8
4817.95,22.95,6
4818.96,22.95,4
4819.96,22.95,3
4820.96,22.95,3
4821.96,22.95,2
4822.96,22.95,3
4823.96,22.95,4
4824.96,22.95,6
4825.96,22.95,5
4826.96,22.95,7
4827.97,22.95,9
4828.97,22.95,9
4829.97,22.95,10
4830.97,22.95,10
4831.97,22.95,10
4832.97,22.95,10
4833.97,22.95,10
4834.98,22.95,9
4835.97,22.95,8
4836.98,22.95,5
4837.98,22.95,3
4838.98,22.95,4
4839.98,22.95,3
4840.98,22.95,3
4841.98,22.95,3
4842.98,22.95,6
4843.98,22.95,7
4844.99,22.95,9
4845.99,22.95,10
4846.99,22.95,10
4847.99,22.95,11
4848.99,22.95,9
4849.99,22.95,10
4850.99,22.95,8
4851.99,22.95,8
4852.99,22.95,7
4854,22.95,9
4855,22.95,8
4856,22.95,6
4857,22.95,4
4858,22.95,3
4859,22.95,2
4860,22.95,3
4861,22.95,2
4862,22.95,6
4863,22.95,7
4864.01,22.95,9
4865.01,22.95,9
4866.01,22.95,10
4867.01,22.95,10
4868.01,22.95,10
4869.01,22.95,9
4870.01,22.95,10
4871.01,22.95,8
4872.01,22.95,6
4873.02,22.95,5
4874.02,22.95,4
4875.02,22.95,3
4876.02,22.95,2
4877.02,22.95,2
4878.02,22.95,3
4879.02,22.95,2
4880.02,22.95,2
4881.02,22.95,3
4882.02,22.95,1
4883.03,22.95,5
4884.03,22.95,5
4885.03,22.95,5
4886.03,22.95,7
4887.03,22.95,8
4888.03,22.95,8
4889.04,22.95,10
4890.03,22.95,10
4891.03,22.95,9
4892.04,22.95,8
4893.04,22.95,7
4894.04,22.95,6
4895.04,22.95,4
4896.04,22.95,2
4897.04,22.95,2
4898.04,22.95,3
4899.04,22.95,2
4900.04,22.95,4
4901.04,22.95,3
4902.05,22.95,5
4903.05,22.95,4
4904.05,22.95,7
4905.05,22.95,7
4906.05,22.95,9
4907.05,22.95,8
4908.05,22.95,9
4909.05,22.95,10
4910.05,22.95,10
4911.06,22.95,10
4912.06,22.95,10
4913.06,22.95,9
4914.06,22.95,9
4915.06,22.95,10
4916.06,22.95,8
4917.06,22.95,9
4918.07,22.95,8
4919.06,22.95,7
4920.06,22.95,6
4921.07,22.95,6
4922.07,22.95,5
4923.07,22.95,4
4924.07,22.95,3
4925.07,22.95,3
4926.07,22.95,2
4927.07,22.95,2
4928.08,22.95,2
4929.08,22.95,5
4930.08,22.95,6
4931.08,22.95,7
4932.08,22.95,8
4933.08,22.95,10
4934.08,22.95,10
4935.08,22.95,9
4936.08,22.95,7
4937.09,22.95,7
4938.09,22.95,5
4939.08,22.95,3
4940.09,22.95,2
4941.09,22.95,2
4942.09,22.95,2
4943.09,22.95,3
4944.09,22.95,4
4945.09,22.95,6
4946.09,22.95,6
4947.1,22.95,6
4948.1,22.95,6
4949.1,22.95,9
4950.1,22.95,8
4951.1,22.95,9
4952.1,22.95,9
4953.1,22.95,10
4954.1,22.95,9
4955.1,22.95,8
4956.11,22.95,6
4957.11,22.95,4
4958.11,22.95,3
4959.11,22.95,3
4960.11,22.95,2
4961.11,22.95,6
4962.11,22.95,6
4963.11,22.95,9
4964.11,22.95,9
4965.11,22.95,9
4966.12,22.95,9
4967.12,22.95,10
4968.12,22.95,9
4969.12,22.95,10
4970.12,22.95,9
4971.12,22.95,9
4972.12,22.95,7
4973.12,22.95,7
4974.12,22.95,6
4975.13,22.95,4
4976.13,22.95,3
4977.13,22.95,2
4978.13,22.95,3
4979.13,22.95,4
4980.13,22.95,5
4981.13,22.95,4
4982.13,22.95,7
4983.13,22.95,9
4984.14,22.95,10
4985.14,22.95,10
4986.14,22.95,9
4987.14,22.95,8
4988.14,22.95,6
4989.14,22.95,4
4990.14,22.95,3
4991.14,22.95,2
4992.15,22.95,3
4993.15,22.95,4
4994.14,22.95,5
4995.15,22.95,9
4996.15,22.95,8
4997.15,22.95,10
4998.15,22.95,10
4999.15,22.95,10
5000.15,22.95,10
5001.15,22.95,7
5002.16,22.95,7
5003.15,22.95,6
5004.16,22.95,4
5005.16,22.95,3
5006.16,22.95,3
5007.16,22.95,2
5008.16,22.95,2
5009.16,22.95,4
5010.16,22.95,6
5011.17,22.95,9
5012.17,22.95,10
5013.17,22.95,10
5014.17,22.95,11
5015.17,22.95,8
5016.17,22.95,8
5017.17,22.95,6
5018.17,22.95,4
5019.17,22.95,3
5020.17,22.95,3
5021.18,22.95,2
5022.18,22.95,2
5023.18,22.95,1
5024.18,22.95,3
5025.18,22.95,6
5026.18,22.95,5
5027.18,22.95,5
5028.18,22.95,5
5029.18,22.95,6
5030.19,22.95,7
5031.19,22.95,7
5032.19,22.95,9
5033.19,22.95,9
5034.19,22.95,10
5035.19,22.95,10
5036.19,22.95,10
5037.19,22.95,8
5038.19,22.95,5
5039.19,22.95,3
5040.2,22.95,2
5041.2,22.95,2
5042.2,22.95,2
5043.2,22.95,3
5044.2,22.95,5
5045.2,22.95,6
5046.2,22.95,6
5047.2,22.95,6
5048.2,22.95,7
5049.21,22.95,9
5050.21,22.95,9
5051.21,22.95,10
5052.21,22.95,10
5053.21,22.95,11
5054.21,22.95,7
5055.21,22.95,5
5056.22,22.95,4
5057.21,22.95,3
5058.21,22.95,2
5059.22,22.95,3
5060.22,22.95,4
5061.22,22.95,6
5062.22,22.95,8
5063.22,22.95,9
5064.22,22.95,10
5065.23,22.95,10
5066.23,22.95,8
5067.22,22.95,7
5068.23,22.95,6
5069.23,22.95,4
5070.23,22.95,3
5071.23,22.95,2
5072.23,22.95,2
5073.23,22.95,3
5074.23,22.95,5
5075.24,22.95,7
5076.24,22.95,9
5077.24,22.95,10
5078.24,22.95,10
5079.24,22.95,9
5080.24,22.95,8
5081.24,22.95,6
5082.24,22.95,4
5083.24,22.95,2
5084.24,22.95,2
5085.25,22.95,3
5086.25,22.95,5
5087.25,22.95,5
5088.25,22.95,6
5089.25,22.95,8
5090.25,22.95,9
5091.25,22.95,10
5092.25,22.95,10
5093.25,22.95,9
5094.26,22.95,9
5095.26,22.95,8
5096.26,22.95,6
5097.26,22.95,3
5098.26,22.95,3
5099.26,22.95,2
5100.26,22.95,2
5101.26,22.95,6
5102.26,22.95,6
5103.26,22.95,9
5104.27,22.95,10
5105.27,22.95,9
5106.27,22.95,8
5107.27,22.95,9
5108.27,22.95,8
5109.27,22.95,5
5110.27,22.95,4
5111.27,22.95,2
5112.27,22.95,2
5113.28,22.95,3
5114.28,22.95,6
5115.28,22.95,7
5116.28,22.95,9
5117.28,22.95,10
5118.28,22.95,10
5119.28,22.95,8
5120.28,22.95,7
5121.28,22.95,6
5122.28,22.95,3
5123.29,22.95,2
5124.29,22.95,2
5125.29,22.46,4
5126.29,22.95,6
5127.29,22.95,8
5128.29,22.95,9
5129.29,22.95,10
5130.3,22.95,10
5131.29,22.95,8
5132.3,22.95,6
5133.3,22.95,3
5134.3,22.95,3
5135.3,22.95,3
5136.3,22.95,2
5137.3,22.95,4
5138.3,22.95,7
5139.3,22.95,7
5140.31,22.95,9
5141.31,22.95,10
5142.31,22.95,9
5143.31,22.95,7
5144.31,22.95,8
5145.31,22.95,6
5146.31,22.95,2
5147.31,22.95,2
5148.31,22.46,2
5149.32,22.95,5
5150.32,22.95,5
5151.31,22.95,8
5152.32,22.95,11
5153.32,22.95,9
5154.32,22.95,10
5155.32,22.95,8
5156.32,22.95,6
5157.32,22.95,4
5158.32,22.95,3
5159.33,22.95,3
5160.33,22.95,3
5161.33,22.95,2
5162.33,22.95,1
5163.33,22.95,4
5164.33,22.95,5
5165.33,22.95,7
5166.33,22.95,9
5167.33,22.95,9
5168.34,22.95,10
5169.34,22.95,11
5170.34,22.95,10
5171.34,22.95,7
5172.34,22.46,5
5173.34,22.95,4
5174.34,22.95,2
5175.34,22.46,2
5176.34,22.95,2
5177.34,22.95,2
5178.35,22.95,5
5179.35,22.95,5
5180.35,22.95,6
5181.35,22.95,8
5182.35,22.95,8
5183.35,22.95,9
5184.35,22.95,10
5185.35,22.95,10
5186.35,22.46,11
5187.36,22.95,11
5188.36,22.95,7
5189.36,22.95,7
5190.36,22.46,6
5191.36,22.95,6
5192.36,22.95,3
5193.36,22.46,3
5194.37,22.95,3
5195.36,22.46,2
5196.36,22.46,2
5197.37,22.95,2
5198.37,22.95,4
5199.37,22.95,6
5200.37,22.95,6
5201.37,22.46,5
5202.37,22.95,7
5203.37,22.46,8
5204.38,22.46,9
5205.37,22.46,9
5206.38,22.46,11
5207.38,22.95,10
5208.38,22.95,8
5209.38,22.46,4
5210.38,22.95,3
5211.38,22.95,3
5212.38,22.46,2
5213.39,22.46,6
5214.39,22.46,6
5215.38,22.95,9
5216.39,22.95,9
5217.39,22.46,10
5218.39,22.46,10
5219.39,22.95,7
5220.39,22.95,6
5221.39,22.46,3
5222.39,22.46,3
5223.4,22.95,1
5224.4,22.95,2
5225.4,22.46,5
5226.4,22.95,4
5227.4,22.95,7
5228.4,22.95,8
5229.4,22.46,10
5230.4,22.46,10
5231.4,22.95,10
5232.41,22.46,9
5233.41,22.95,9
5234.41,22.95,8
5235.41,22.46,7
5236.41,22.95,6
5237.41,22.46,6
5238.41,22.46,4
5239.41,22.95,3
5240.41,22.95,3
5241.41,22.95,2
5242.42,22.46,2
5243.42,22.46,3
5244.42,22.46,4
5245.42,22.46,5
5246.42,22.46,6
5247.42,22.46,8
5248.42,22.46,9
5249.42,22.95,10
5250.42,22.46,9
5251.43,22.46,9
5252.43,22.46,8
5253.43,22.46,8
5254.43,22.46,5
5255.43,22.46,3
5256.43,22.46,3
5257.43,22.46,2
5258.43,22.95,2
5259.43,22.46,5
5260.43,22.46,4
5261.44,22.46,9
5262.44,22.46,9
5263.44,22.46,10
5264.44,22.46,10
5265.44,22.46,9
5266.44,22.95,7
5267.44,22.46,6
5268.44,22.46,4
5269.44,22.46,3
5270.44,22.46,2
5271.45,22.46,2
5272.45,22.46,4
5273.45,22.46,4
5274.45,22.95,7
5275.45,22.46,9
5276.45,22.46,10
5277.46,22.46,10
5278.46,22.46,8
5279.45,22.95,7
5280.46,22.46,4
5281.46,22.95,3
5282.46,22.46,2
5283.46,22.46,2
5284.46,22.46,4
5285.46,22.95,6
5286.46,22.46,7
5287.47,22.46,8
5288.46,22.46,10
5289.47,22.46,10
5290.47,22.95,9
5291.47,22.46,7
5292.47,22.46,7
5293.47,22.46,6
5294.47,22.46,4
5295.47,22.46,3
5296.47,22.46,3
5297.48,22.46,3
5298.48,22.46,2
5299.48,22.46,1
5300.48,22.46,5
5301.48,22.46,6
5302.48,22.95,8
5303.48,22.46,9
5304.48,22.46,9
5305.48,22.46,10
5306.49,22.46,10
5307.49,22.95,9
5308.48,22.46,9
5309.49,22.46,6
5310.49,22.95,6
5311.49,22.46,4
5312.49,22.95,4
5313.49,22.46,3
5314.49,22.46,2
5315.49,22.95,2
5316.5,22.46,2
5317.5,22.46,2
5318.5,22.46,4
5319.5,22.46,6
5320.5,22.46,7
5321.5,22.46,9
5322.5,22.46,9
5323.5,22.46,10
5324.5,22.46,10
5325.51,22.46,8
5326.51,22.46,7
5327.51,22.46,4
5328.51,22.46,4
5329.51,22.46,3
5330.51,22.46,2
5331.51,22.46,2
5332.51,22.46,2
5333.51,22.46,2
5334.51,22.46,3
5335.52,22.46,6
5336.52,22.46,4
5337.52,22.46,6
5338.52,22.46,7
5339.52,22.46,8
5340.52,22.46,8
5341.52,22.46,9
5342.52,22.46,10
5343.52,22.46,10
5344.53,22.46,10
5345.53,22.46,10
5346.53,22.46,9
5347.53,22.46,9
5348.53,22.46,8
5349.53,22.46,7
5350.53,22.46,8
5351.53,22.46,8
5352.53,22.46,7
5353.53,22.46,6
5354.54,22.46,6
5355.54,22.46,5
5356.54,22.46,4
5357.54,22.46,4
5358.54,22.46,4
5359.54,22.46,3
5360.54,22.46,3
5361.55,22.46,3
5362.54,22.46,3
5363.55,22.46,2
5364.55,22.46,2
5365.55,22.46,2
5366.55,22.46,2
5367.55,22.46,2
5368.55,22.46,2
5369.55,22.46,3
5370.55,22.46,2
5371.56,22.46,1
5372.55,22.46,2
5373.56,22.46,2
5374.56,22.46,2
5375.56,22.46,2
5376.56,22.46,3
5377.56,22.46,2
5378.56,22.46,2
5379.56,22.46,2
5380.57,22.46,2
5381.57,22.46,3
5382.56,22.46,3
5383.57,22.46,2
5384.57,22.46,2
5385.57,22.46,2
5386.57,22.46,2
5387.57,22.46,3
5388.57,22.46,2
5389.57,22.46,2
5390.58,22.46,2
5391.58,22.46,2
5392.58,22.46,3
5393.58,22.46,5
5394.58,22.46,5
5395.58,22.46,5
5396.58,22.46,4
5397.58,22.46,6
5398.58,22.46,6
5399.59,22.46,6
5400.59,22.46,5
5401.59,22.46,5
5402.59,22.46,6
5403.59,22.46,6
5404.59,22.46,6
5405.59,22.46,6
5406.59,22.46,8
5407.59,22.46,9
5408.59,22.46,9
5409.6,22.46,9
5410.6,22.46,10
5411.6,22.46,10
5412.6,22.46,10
5413.6,22.46,10
5414.6,22.46,10
5415.61,22.46,10
5416.6,22.46,10
5417.6,22.46,10
5418.61,22.46,8
5419.61,22.46,7
5420.61,22.46,8
5421.61,22.46,6
5422.61,22.95,5
5423.61,22.46,5
5424.61,22.46,4
5425.62,22.46,4
5426.61,22.46,4
5427.61,22.46,2
5428.62,22.46,4
5429.62,22.46,3
5430.62,22.46,2
5431.62,22.46,2
5432.62,22.46,2
5433.62,22.46,2
5434.62,22.46,2
5435.63,22.46,2
5436.62,22.46,2
5437.63,22.46,3
5438.63,22.46,2
5439.63,22.46,3
5440.63,22.46,4
5441.63,22.46,4
5442.63,22.46,5
5443.63,22.46,6
5444.63,22.46,7
5445.64,22.46,9
5446.63,22.46,9
5447.64,22.46,10
5448.64,22.46,10
5449.64,22.46,10
5450.64,22.46,8
5451.64,22.46,7
5452.64,22.46,6
5453.64,22.46,4
5454.65,22.46,3
5455.65,22.46,3
5456.65,22.46,2
5457.65,22.46,5
5458.65,22.46,6
5459.65,22.46,7
5460.65,22.46,8
5461.65,22.46,9
5462.65,22.46,10
5463.66,22.46,10
5464.66,22.46,11
5465.66,22.46,11
5466.66,22.46,9
5467.66,22.46,8
5468.66,22.46,5
5469.66,22.46,4
5470.66,22.46,3
5471.66,22.46,3
5472.66,22.46,2
5473.67,22.46,2
5474.67,22.46,3
5475.67,22.46,2
5476.67,22.46,4
5477.67,22.46,6
5478.67,22.46,8
5479.67,22.46,8
5480.67,22.46,10
5481.67,22.46,9
5482.67,22.46,7
5483.68,22.46,6
5484.68,22.46,4
5485.68,22.46,3
5486.68,22.46,3
5487.68,22.46,2
5488.68,22.46,4
5489.68,22.46,4
5490.68,22.46,7
5491.68,22.46,9
5492.69,22.46,9
5493.69,22.46,9
5494.69,22.46,10
5495.69,22.46,8
5496.69,22.46,6
5497.69,22.46,4
5498.69,22.46,3
5499.7,22.46,2
5500.69,22.46,2
5501.69,22.46,1
5502.7,22.46,1
5503.7,22.46,4
5504.7,22.46,5
5505.7,22.46,8
5506.7,22.46,9
5507.7,22.46,10
5508.71,22.46,10
5509.71,22.46,8
5510.7,22.46,8
5511.71,22.46,5
5512.71,22.46,3
5513.71,22.46,3
5514.71,22.46,2
5515.71,22.46,3
5516.71,22.46,3
5517.71,22.46,5
5518.72,22.46,6
5519.72,22.46,8
5520.71,22.46,9
5521.72,22.46,10
5522.72,22.46,10
5523.72,22.46,9
5524.72,22.46,8
5525.72,22.46,8
5526.72,22.46,5
5527.72,22.46,4
5528.73,22.46,3
5529.73,22.46,3
5530.73,22.46,2
5531.73,22.46,4
5532.73,22.46,5
5533.73,22.46,6
5534.73,22.46,9
5535.73,22.46,9
5536.73,22.46,10
5537.74,22.46,10
5538.74,22.46,9
5539.74,22.46,8
5540.74,22.46,7
5541.74,22.46,4
5542.74,22.46,4
5543.74,22.46,2
5544.74,22.46,2
5545.74,22.46,4
5546.74,22.46,5
5547.75,22.46,7
5548.75,22.46,8
5549.75,22.46,9
5550.75,22.46,10
5551.75,22.46,10
5552.75,22.46,11
5553.75,22.46,9
5554.75,22.46,7
5555.75,22.46,6
5556.75,22.46,4
5557.76,22.46,3
5558.76,22.46,3
5559.76,22.46,2
5560.76,22.46,3
5561.76,22.46,3
5562.76,22.46,5
5563.76,22.46,4
5564.76,22.46,6
5565.76,22.46,8
5566.77,22.46,9
5567.77,22.46,10
5568.77,22.46,10
5569.77,22.46,10
5570.77,22.46,8
5571.77,22.46,6
5572.77,22.46,5
5573.77,22.46,4
5574.77,22.46,3
5575.77,22.46,2
5576.78,22.46,2
5577.78,22.46,2
5578.78,22.46,6
5579.78,22.46,6
5580.78,22.46,6
5581.78,22.46,9
5582.78,22.46,9
5583.79,22.46,10
5584.78,22.46,10
5585.79,22.46,10
5586.79,22.46,9
5587.79,22.46,8
5588.79,22.46,7
5589.79,22.46,8
5590.79,22.46,6
5591.79,22.46,3
5592.8,22.46,3
5593.79,22.46,3
5594.79,22.46,3
5595.8,22.46,2
5596.8,22.46,4
5597.8,22.46,7
5598.8,22.46,8
5599.8,22.46,8
5600.8,22.46,10
5601.81,22.46,10
5602.81,22.46,9
5603.81,22.46,8
5604.81,22.46,7
5605.81,22.46,6
5606.81,22.46,4
5607.81,22.46,4
5608.81,22.46,2
5609.81,22.46,3
5610.81,22.46,3
5611.82,22.46,6
5612.82,22.46,5
5613.81,22.46,7
5614.82,22.46,8
5615.82,22.46,9
5616.82,22.46,10
5617.82,22.46,11
5618.82,22.46,10
5619.82,22.46,7
5620.82,22.46,7
5621.83,22.46,6
5622.83,22.46,4
5623.83,22.46,4
5624.83,22.46,3
5625.83,22.46,2
5626.83,22.46,1
5627.83,22.46,1
5628.83,22.46,4
5629.83,22.46,6
5630.84,22.46,9
5631.84,22.46,9
5632.84,22.46,10
5633.84,22.46,10
5634.84,22.46,9
5635.84,22.46,7
5636.84,22.46,5
5637.84,22.46,5
5638.84,22.46,3
5639.84,22.46,4
5640.85,22.46,3
5641.85,22.46,3
5642.85,22.46,2
5643.85,22.46,2
5644.85,22.46,2
5645.85,22.46,2
5646.85,22.46,6
5647.85,22.46,4
5648.85,22.46,7
5649.86,22.46,6
5650.86,22.46,8
5651.86,22.46,9
5652.86,22.46,9
5653.86,22.46,10
5654.86,22.46,10
5655.86,22.46,9
5656.86,22.46,8
5657.86,22.46,7
5658.86,22.46,5
5659.87,22.46,3
5660.87,22.46,3
5661.87,22.46,2
5662.87,22.46,3
5663.87,22.46,4
5664.87,22.46,5
5665.87,22.46,8
5666.88,22.46,9
5667.88,22.46,10
5668.88,22.46,10
5669.88,22.46,9
5670.88,22.46,8
5671.88,22.46,7
5672.88,22.46,6
5673.88,22.46,5
5674.88,22.46,3
5675.88,22.46,4
5676.89,22.46,3
5677.88,22.46,2
5678.89,22.46,2
5679.89,22.46,2
5680.89,22.46,3
5681.89,22.46,2
5682.89,22.46,2
5683.89,22.46,3
5684.89,22.46,3
5685.9,22.46,6
5686.9,22.46,4
5687.9,22.46,6
5688.9,22.46,7
5689.9,22.46,8
5690.9,22.46,9
5691.9,22.46,9
5692.9,22.46,10
5693.9,22.46,10
5694.9,22.46,9
5695.91,22.46,9
5696.91,22.46,8
5697.91,22.46,8
5698.91,22.46,6
5699.91,22.46,5
5700.91,22.46,5
5701.91,22.46,5
5702.91,22.46,4
5703.91,22.46,3
5704.92,22.46,4
5705.92,22.46,4
5706.92,22.46,3
5707.92,22.46,2
5708.92,22.46,2
5709.92,22.46,2
5710.92,22.46,3
5711.92,22.46,4
5712.92,22.46,4
5713.92,22.46,6
5714.93,22.46,7
5715.93,22.46,8
5716.93,22.46,9
5717.93,22.46,10
5718.93,22.46,10
5719.93,22.46,9
5720.94,22.46,10
5721.93,22.46,8
5722.93,22.46,8
5723.94,22.46,8
5724.94,22.46,7
5725.94,22.46,5
5726.94,22.46,3
5727.94,22.46,3
5728.94,22.46,2
5729.94,22.46,2
5730.94,22.46,3
5731.94,22.46,4
5732.94,22.46,4
5733.95,22.46,7
5734.95,22.46,9
5735.95,22.46,9
5736.95,22.46,10
5737.95,22.46,9
5738.95,22.46,8
5739.95,22.46,9
5740.96,22.46,7
5741.96,22.46,5
5742.95,22.46,4
5743.96,22.46,3
5744.96,22.46,3
5745.96,22.46,2
5746.96,22.46,2
5747.96,22.46,4
5748.96,22.46,2
5749.96,22.46,4
5750.97,22.46,6
5751.96,22.46,6
5752.97,22.46,6
5753.97,22.46,7
5754.97,22.46,9
5755.97,22.46,8
5756.97,22.46,9
5757.97,22.46,9
5758.97,22.46,10
5759.98,22.46,10
5760.98,22.46,10
5761.98,22.46,9
5762.98,22.46,9
5763.98,22.46,7
5764.98,22.46,7
5765.98,22.46,8
5766.98,22.46,6
5767.98,22.46,6
5768.98,22.46,6
5769.99,22.46,4
5770.99,22.46,4
5771.99,22.46,3
5772.99,22.46,3
5773.99,22.46,2
5774.99,22.46,2
5775.99,22.46,2
5776.99,22.46,3
5777.99,22.46,3
5779,22.46,5
5780,22.46,4
5781,22.46,7
5782,22.46,8
5783,22.46,8
5784,22.46,9
5785,22.46,10
5786,22.46,10
5787,22.46,9
5788.01,22.46,10
5789.01,22.46,10
5790.01,22.46,10
5791.01,22.46,11
5792.01,22.46,6
5793.01,22.46,8
5794.01,22.46,6
5795.01,22.46,6
5796.01,22.46,6
5797.01,22.46,4
5798.02,22.46,4
5799.02,22.46,4
5800.02,22.46,3
5801.02,22.46,3
5802.02,22.46,2
5803.02,22.46,3
5804.02,22.46,2
5805.02,22.46,2
5806.02,22.46,5
5807.02,22.46,6
5808.03,22.46,7
5809.03,22.46,8
5810.03,22.46,10
5811.03,22.46,9
5812.03,22.46,8
5813.03,22.46,7
5814.03,22.46,6
5815.04,22.46,4
5816.03,22.46,3
5817.04,22.46,3
5818.04,22.46,3
5819.04,22.46,2
5820.04,22.46,3
5821.04,22.46,1
5822.04,22.46,4
5823.04,22.46,4
5824.04,22.46,6
5825.05,22.46,8
5826.04,22.46,9
5827.05,22.46,10
5828.05,22.46,10
5829.05,22.46,10
5830.05,22.46,7
5831.05,22.46,5
5832.05,22.46,5
5833.05,22.46,3
5834.06,22.46,3
5835.06,22.46,4
5836.05,22.46,3
5837.06,22.46,2
5838.06,22.46,2
5839.06,22.46,2
5840.06,22.46,3
5841.06,22.46,3
5842.06,22.46,3
5843.06,22.46,2
5844.07,22.46,2
5845.07,22.46,3
5846.07,22.46,4
5847.07,22.46,4
5848.07,22.46,6
5849.07,22.46,8
5850.07,22.46,9
5851.07,22.46,10
5852.07,22.46,10
5853.08,22.46,9
5854.08,22.46,10
5855.08,22.46,7
5856.08,22.46,7
5857.08,22.46,5
5858.08,22.46,5
5859.08,22.46,3
5860.08,22.46,4
5861.08,22.46,2
5862.08,22.46,2
5863.09,22.46,3
5864.09,22.46,2
5865.09,22.46,3
5866.09,22.46,1
5867.09,22.46,3
5868.09,22.46,5
5869.09,22.46,4
5870.09,22.46,7
5871.09,22.46,9
5872.1,22.46,9
5873.1,22.46,9
5874.1,22.46,9
5875.1,22.46,10
5876.1,22.46,9
5877.1,22.46,7
5878.1,22.46,5
5879.1,22.46,3
5880.1,22.46,3
5881.1,22.46,3
5882.11,22.46,2
5883.11,22.46,4
5884.11,22.46,6
5885.11,22.46,7
5886.11,22.46,8
5887.11,22.46,9
5888.12,22.46,10
5889.12,22.46,10
5890.11,22.46,10
5891.12,22.46,10
5892.12,22.46,9
5893.12,22.46,10
5894.12,22.46,9
5895.12,22.46,7
5896.12,22.46,7
5897.12,22.46,8
5898.13,22.46,6
5899.12,22.46,5
5900.12,22.46,4
5901.13,22.46,4
5902.13,22.46,3
5903.13,22.46,2
5904.13,22.46,3
5905.13,22.46,4
5906.13,22.46,7
5907.13,22.46,9
5908.14,22.46,9
5909.14,22.46,9
5910.14,22.46,10
5911.14,22.46,8
5912.14,22.46,7
5913.14,22.46,5
5914.14,22.46,3
5915.14,22.46,3
5916.14,22.46,3
5917.14,22.46,3
5918.15,22.46,2
5919.15,22.46,3
5920.15,22.46,3
5921.15,22.46,5
5922.15,22.46,6
5923.15,22.46,8
5924.15,22.46,9
5925.15,22.46,10
5926.15,22.46,10
5927.16,22.46,7
5928.16,22.46,5
5929.16,22.46,4
5930.16,22.46,2
5931.16,22.46,2
5932.16,22.46,2
5933.16,22.46,3
5934.16,22.46,5
5935.16,22.46,6
5936.16,22.46,6
5937.17,22.46,9
5938.17,22.46,9
5939.17,22.46,9
5940.17,22.46,10
5941.17,22.46,9
5942.17,22.46,9
5943.17,22.46,7
5944.17,22.46,6
5945.17,22.46,3
5946.18,22.46,2
5947.18,22.46,2
5948.18,22.46,3
5949.18,22.46,4
5950.18,22.46,5
5951.18,22.46,6
5952.18,22.46,8
5953.19,22.46,8
5954.18,22.46,9
5955.18,22.46,9
5956.19,22.46,10
5957.19,22.46,10
5958.19,22.46,10
5959.19,22.46,10
5960.19,22.46,10
5961.19,22.46,9
5962.2,22.46,10
5963.19,22.46,8
5964.19,22.46,6
5965.2,22.46,7
5966.2,22.46,6
5967.2,22.46,5
5968.2,22.46,4
5969.2,22.46,4
5970.2,22.46,3
5971.2,22.46,3
5972.21,22.46,3
5973.21,22.46,3
5974.2,22.46,2
5975.21,22.46,2
5976.21,22.46,3
5977.21,22.46,5
5978.21,22.46,6
5979.21,22.46,8
5980.21,22.46,9
5981.21,22.46,9
5982.22,22.46,10
5983.21,22.46,9
5984.22,22.46,7
5985.22,22.46,8
5986.22,22.46,4
5987.22,22.46,3
5988.22,22.46,3
5989.22,22.46,2
5990.22,22.46,2
5991.22,22.46,3
5992.23,22.46,5
5993.23,22.46,5
5994.23,22.46,4
5995.23,22.46,8
5996.23,22.46,7
5997.23,22.46,8
5998.23,22.46,10
5999.23,22.46,10
6000.24,22.46,10
6001.24,22.46,10
6002.24,22.46,10
6003.24,22.46,9
6004.24,22.46,10
6005.24,22.46,7
6006.24,22.46,8
6007.24,22.46,7
6008.24,22.46,5
6009.24,22.46,5
6010.24,22.46,4
6011.25,22.46,4
6012.25,22.46,4
6013.25,22.46,3
6014.25,22.46,2
6015.25,22.46,1
6016.25,22.46,2
6017.25,22.46,6
6018.25,22.46,6
6019.25,22.46,8
6020.26,22.46,10
6021.26,22.46,10
6022.26,22.46,8
6023.26,22.46,7
6024.26,22.46,7
6025.26,22.46,7
6026.26,22.46,5
6027.26,22.46,4
6028.26,22.46,4
6029.26,22.46,4
6030.27,22.46,2
6031.27,22.46,2
6032.27,22.46,3
6033.27,22.46,3
6034.27,22.46,2
6035.27,22.46,1
6036.27,22.46,5
6037.27,22.46,6
6038.27,22.46,6
6039.28,22.46,8
6040.28,22.46,9
6041.28,22.46,10
6042.28,22.46,9
6043.28,22.46,10
6044.28,22.46,7
6045.28,22.46,6
6046.29,22.46,4
6047.29,22.46,3
6048.28,22.46,3
6049.29,22.46,2
6050.29,22.46,2
6051.29,22.46,3
6052.29,22.46,2
6053.29,22.46,4
6054.29,22.46,6
6055.29,22.46,5
6056.3,22.46,7
6057.29,22.46,7
6058.3,22.46,8
6059.3,22.46,8
6060.3,22.46,9
6061.3,22.46,10
6062.3,22.46,10
6063.3,22.46,9
6064.3,22.46,8
6065.31,22.46,9
6066.31,22.46,7
6067.31,22.46,6
6068.31,22.46,4
6069.31,22.46,5
6070.31,22.46,3
6071.31,22.46,1
6072.31,22.46,2
6073.31,22.46,3
6074.31,22.46,2
6075.32,22.46,3
6076.32,22.46,1
6077.32,22.46,2
6078.32,22.46,3
6079.32,22.46,4
6080.32,22.46,2
6081.32,22.46,5
6082.32,22.46,6
6083.32,22.46,6
6084.32,22.46,6
6085.33,22.46,9
6086.33,22.46,9
6087.33,22.46,10
6088.33,22.46,10
6089.33,22.46,8
6090.33,22.46,7
6091.33,22.46,6
6092.33,22.46,4
6093.33,22.46,2
6094.34,22.46,2
6095.34,22.46,2
6096.34,22.46,3
6097.34,22.46,4
6098.34,22.46,4
6099.34,22.46,6
6100.34,22.46,6
6101.34,22.46,6
6102.34,22.46,6
6103.34,22.46,7
6104.35,22.46,9
6105.35,22.46,8
6106.35,22.46,8
6107.35,22.46,10
6108.35,22.46,10
6109.35,22.46,10
6110.35,22.46,8
6111.35,22.46,10
6112.35,22.46,7
6113.36,22.46,6
6114.36,22.46,5
6115.36,22.46,3
6116.36,22.46,2
6117.36,22.46,2
6118.36,22.46,1
6119.36,22.46,3
6120.37,22.46,3
6121.36,22.46,6
6122.36,22.46,4
6123.37,22.46,6
6124.37,22.46,5
6125.37,22.46,4
6126.37,22.46,6
6127.37,22.46,6
6128.37,22.46,6
6129.37,22.46,8
6130.38,22.46,8
6131.37,22.46,8
6132.38,22.46,9
6133.38,22.46,10
6134.38,22.46,10
6135.38,22.46,9
6136.38,22.46,9
6137.38,22.46,10
6138.38,22.46,10
6139.39,22.46,9
6140.39,22.46,9
6141.38,22.46,9
6142.39,22.46,8
6143.39,22.46,9
6144.39,22.46,8
6145.39,22.46,8
6146.39,22.46,5
6147.39,22.46,6
6148.39,22.46,5
6149.4,22.46,4
6150.4,22.46,3
6151.4,22.46,3
6152.4,22.46,3
6153.4,22.46,2
6154.4,22.46,2
6155.4,22.46,2
6156.4,22.46,2
6157.4,22.46,2
6158.4,22.46,3
6159.41,22.46,3
6160.41,22.46,3
6161.41,22.46,4
6162.41,21.97,5
6163.41,22.46,6
6164.41,22.46,6
6165.41,22.46,7
6166.41,22.46,9
6167.41,22.46,8
6168.42,22.46,9
6169.42,22.46,10
6170.42,22.46,9
6171.42,22.46,10
6172.42,22.46,9
6173.42,22.46,10
6174.42,22.46,9
6175.42,22.46,7
6176.42,22.46,8
6177.42,22.46,5
6178.43,22.46,3
6179.43,22.46,3
6180.43,22.46,1
6181.43,22.46,2
6182.43,22.46,6
6183.43,22.46,5
6184.43,22.46,7
6185.43,22.46,9
6186.43,22.46,9
6187.44,22.46,9
6188.44,22.46,10
6189.44,22.46,10
6190.44,22.46,10
6191.44,22.46,9
6192.44,22.46,10
6193.44,22.46,9
6194.45,22.46,9
6195.44,22.46,7
6196.44,22.46,6
6197.45,22.46,6
6198.45,22.46,3
6199.45,22.46,3
6200.45,22.46,3
6201.45,22.46,3
6202.45,21.97,2
6203.45,22.46,2
6204.46,22.46,5
6205.45,22.46,4
6206.46,22.46,7
6207.46,22.46,8
6208.46,22.46,8
6209.46,22.46,9
6210.46,22.46,9
6211.46,22.46,10
6212.46,22.46,10
6213.47,22.46,9
6214.47,22.46,9
6215.46,22.46,8
6216.47,22.46,8
6217.47,22.46,6
6218.47,22.46,5
6219.47,22.46,5
6220.47,22.46,4
6221.47,22.46,4
6222.47,22.46,3
6223.48,22.46,2
6224.48,22.46,3
6225.48,22.46,2
6226.48,22.46,1
6227.48,22.46,2
6228.48,22.46,2
6229.48,22.46,2
6230.48,22.46,3
6231.48,22.46,3
6232.48,22.46,5
6233.49,22.46,5
6234.49,21.97,4
6235.49,22.46,5
6236.49,22.46,5
6237.49,22.46,8
6238.49,22.46,9
6239.49,22.46,9
6240.49,22.46,10
6241.49,21.97,9
6242.5,22.46,10
6243.5,22.46,9
6244.5,22.46,9
6245.5,22.46,9
6246.5,22.46,9
6247.5,22.46,9
6248.5,22.46,6
6249.5,22.46,6
6250.5,22.46,5
6251.5,22.46,3
6252.51,22.46,3
6253.51,22.46,2
6254.51,22.46,2
6255.51,22.46,2
6256.51,22.46,2
6257.51,22.46,2
6258.51,21.97,1
6259.51,22.46,5
6260.51,22.46,5
6261.52,22.46,4
6262.52,22.46,5
6263.52,22.46,5
6264.52,22.46,7
6265.52,22.46,7
6266.52,21.97,8
6267.52,22.46,8
6268.52,22.46,9
6269.52,22.46,9
6270.53,22.46,10
6271.53,22.46,11
6272.53,22.46,7
6273.65,22.46,8
6274.53,22.46,8
6275.53,22.46,7
6276.53,22.46,7
